id,domain,status,purchase_price,renewal_price,attractiveness,demand,length,registrar,created_at,expires_at
001ad22b-6a9c-42cd-9cfc-34764b8c6e61,slipitto.trading,available,19.99,,64,1,10,name.com,,
002679c9-2c4e-4d6f-bea4-a22956d8e65d,outofaction.trading,available,19.99,,40,9,13,name.com,,
002f9549-1339-4c61-a52d-c2765c6dbd24,takes.trading,available,19.99,,55,10,5,name.com,,
00376664-e192-42b5-8380-0503e91a8b64,fiftyfifty.trading,available,19.99,,68,12,11,name.com,,
0038fa5b-7fdc-4231-a238-f385a14102c4,stealaway.trading,available,19.99,,72,1,10,name.com,,
004d0955-165a-4b8f-9cd9-bd41550656f5,Books.trading,premium,280,280,52,49,5,namecheap,,
005c3c67-9552-4f7c-8737-3daf941d868d,fundamentalscience.trading,available,19.99,,66,2,19,name.com,,
00794c04-2282-4ae0-8617-f13d6781db63,commonmeter.trading,available,19.99,,68,1,12,name.com,,
00910699-f804-4e67-aeb9-a111347bab64,keephopealive.trading,available,19.99,,50,2,15,name.com,,
009abb84-bf83-4146-a6d5-d608d880cfd2,seeabout.trading,available,19.99,,74,1,9,name.com,,
009e36ab-edae-4f7f-a30f-5142ab06a0b5,cuddleup.trading,available,19.99,,89,4,9,name.com,,
00affd02-111c-40b8-81dd-01358f91e644,grocerylist.trading,available,19.99,,70,6,12,name.com,,
00b32614-18c6-48e5-8492-2522d66dcb4a,traps.trading,available,19.99,,68,7,5,name.com,,
00b6b64b-a105-411c-ae57-50cb136e8a8c,gettakenin.trading,available,19.99,,70,0,12,name.com,,
00c21c23-981d-4f81-82d8-5e94e02e79a6,frozenfood.trading,available,19.99,,74,3,11,name.com,,
010229b4-3a0a-4bc9-b351-91b3970ce021,commonmarket.trading,available,19.99,,60,2,13,name.com,,
01026d1a-d2e0-4018-af47-1e917640079a,calculations.trading,available,19.99,,52,4,12,name.com,,
01078661-32bf-4d4d-b838-6c5dde3efc99,secondarycare.trading,available,19.99,,69,1,14,name.com,,
010c30af-c334-49ca-ad14-9ddbf88df553,goonthen.trading,available,19.99,,48,1,10,name.com,,
01115929-77bf-4671-bb4a-fc9695ec7551,inchargeof.trading,available,19.99,,49,1,12,name.com,,
014a4624-d7a6-405a-9ebe-d1ed355077ba,twentythree.trading,available,19.99,,65,7,12,name.com,,
0189ff70-9ddd-4209-9846-a04ffac92bda,CountyofKings.trading,available,27.98,,54,2,15,namecheap,,
01928cda-cb72-4393-ad60-9418833efac0,discjockey.trading,available,19.99,,82,7,11,name.com,,
0195c22b-368d-4f5b-b2e5-0bcc8e3131e0,goupstairs.trading,available,19.99,,68,1,11,name.com,,
01a02b10-126f-49cf-bc72-ba1026f9367a,recaptured.trading,available,19.99,,48,2,10,name.com,,
01b31728-037d-48be-86a7-0280c39f0846,childporn.trading,available,19.99,,56,13,10,name.com,,
01ba9b3e-bbbe-48e1-ad1e-69ad5442b5e4,findingout.trading,available,19.99,,58,2,11,name.com,,
01c968bd-ab1b-4f55-acaa-fc3569fd23fc,artofwar.trading,available,19.99,,69,7,10,name.com,,
01ceb796-df38-4071-8afa-d2fafe874653,pubquiz.trading,available,19.99,,72,8,8,name.com,,
01dab26d-7395-467c-af28-9064dcdd6792,generalrelativity.trading,available,19.99,,68,2,18,name.com,,
01fa074c-2a7d-429b-8434-583a5e586435,inplaceof.trading,available,19.99,,58,1,11,name.com,,
020e149a-bbbc-41d2-80de-264c8a2ff26e,trios.trading,available,19.99,,50,9,5,name.com,,
0222ce0c-0983-4a46-8245-7d83640f7800,getwith.trading,available,19.99,,74,4,8,name.com,,
02277310-b8c1-4214-b25a-2284484d955a,soasto.trading,available,19.99,,45,1,8,name.com,,
022b3649-3d46-42ca-bae3-e19ae8919215,coffeesenna.trading,available,19.99,,80,1,12,name.com,,
022dc4ad-5691-4764-9521-1e7204c379a9,screwdrivers.trading,available,19.99,,52,4,12,name.com,,
022e5fdf-860a-4bf6-a4f0-69e32dd9706d,pointout.trading,available,19.99,,70,4,9,name.com,,
023492a0-23c6-4052-ab5a-50c42953a1ce,organdonation.trading,available,19.99,,72,2,14,name.com,,
024aa359-53ce-4220-8948-49ee6f210f02,bee.trading,resell,,,70,42,3,Dynadot Inc,22/02/2025 17:00,22/02/2027 17:00
024eb221-3e40-4307-bb8e-d5b620babd0a,transferableskill.trading,available,19.99,,72,1,18,name.com,,
02543442-a071-4d9b-89c6-21a7272a2dd3,minimums.trading,available,19.99,,52,2,8,name.com,,
027cf26a-11d6-49af-b847-90cb09cfdee4,ladiesandgentlemen.trading,available,19.99,,70,3,20,name.com,,
0286f84a-1520-4710-b774-2e82db6239c9,resteasy.trading,available,19.99,,79,4,9,name.com,,
028ba982-56cd-435b-818f-c37fb88f3905,predisposition.trading,available,19.99,,62,1,14,name.com,,
028f4737-9598-4be6-9b13-77f9a517a3b6,Nicki.trading,available,27.98,,66,9,5,namecheap,,
0294ba5a-266e-4b8d-bad0-6545a9592201,newsreporter.trading,available,19.99,,46,4,13,name.com,,
02a35453-04ec-4ef1-9734-2262082e8ad5,participating.trading,available,19.99,,58,3,13,name.com,,
02aeac49-da3f-4825-b6d1-a2bf6337da18,creates.trading,available,19.99,,60,13,7,name.com,,
02b33513-496a-460a-a251-4669b9b0c4c5,werewolves.trading,available,19.99,,44,7,10,name.com,,
02c2581d-4188-4bab-8a6b-a21f7fce6f53,continents.trading,available,19.99,,50,5,10,name.com,,
02cf7cd0-99af-4072-9cb8-30224ca8d2eb,stepoff.trading,available,19.99,,68,2,8,name.com,,
02e2f13a-2635-4744-b8a8-1f45642fdbb7,electricity.trading,available,19.99,,84,16,11,name.com,,
02e41527-9273-49dd-a885-284663979bcd,annualreport.trading,available,19.99,,74,7,13,name.com,,
02ee576b-499f-4127-b17c-1798c3a45a58,backtooth.trading,available,19.99,,70,2,10,name.com,,
02f515cd-d94b-4385-8529-26551d58dd6e,razorburn.trading,available,19.99,,60,1,10,name.com,,
02f8acaf-2123-4771-bfc7-69e7b2917b86,thanksto.trading,available,19.99,,64,4,9,name.com,,
02fd1f44-e7a5-436d-8dc3-5a0651516fa8,jetace.trading,available,19.99,,62,1,7,name.com,,
02ffaf2f-a97f-4d8b-be54-21ffca9a1c39,indrawing.trading,available,19.99,,64,3,10,name.com,,
030ac361-279d-4f23-94c0-60fafc6ce539,thrilly.trading,available,19.99,,71,2,7,name.com,,
031292c1-41f1-4830-a7ec-642a7af9a116,solarenergy.trading,available,19.99,,88,16,12,name.com,,
032f8f39-1059-440a-9b83-3088660b6bb6,opportunityroom.trading,available,19.99,,70,1,16,name.com,,
0338ff19-ce62-4f6b-82f1-97b2d8d591ac,techweek.trading,available,19.99,,74,12,9,name.com,,
03488d15-af97-4f99-892d-3e42d3fa241e,nostrils.trading,available,19.99,,55,2,8,name.com,,
034b0200-598c-445b-ab3f-31afaf0556ba,dogsledding.trading,available,19.99,,76,2,11,name.com,,
03747199-d31b-4281-a1fa-bb8a6da6f990,quizzes.trading,available,19.99,,54,8,7,name.com,,
037ea4e6-a48f-4c16-b89c-4051ef9ad2f0,estimated.trading,available,19.99,,50,5,9,name.com,,
03974b80-82d0-46ef-8cc8-3d0eeebc6030,stepdown.trading,available,19.99,,74,2,9,name.com,,
039d5e69-46ad-4fa4-a962-6a43f6e0026b,letmesee.trading,available,19.99,,60,14,10,name.com,,
03b98531-6ae2-409a-9e12-6ad11a15b670,conductcode.trading,available,19.99,,50,1,12,name.com,,
03c3d578-76c2-4b63-a327-4ba948df65bf,coldbrewcoffee.trading,available,19.99,,62,8,16,name.com,,
03cadba6-a386-407e-9912-3005cbcf3017,comethrough.trading,available,19.99,,78,1,12,name.com,,
03da3934-46e7-4a99-b677-9b19027da1ac,whynot.trading,available,19.99,,74,39,7,name.com,,
03e7527d-6b97-47f8-988b-2e87b63787e4,halfassed.trading,available,19.99,,56,1,10,name.com,,
03ee1429-8550-47e0-aecc-4395231d7a78,dogtoothgrass.trading,available,19.99,,86,0,14,name.com,,
04100740-e3bb-43aa-be4b-055db5443f3f,snowstorms.trading,available,19.99,,50,2,10,name.com,,
0417c89d-d4b6-4442-a2d8-fa062b8c178a,talktime.trading,available,19.99,,72,10,9,name.com,,
04256571-5ea7-428d-bf94-5fc43eb1f8d9,carbonmonoxide.trading,available,19.99,,54,4,15,name.com,,
0428ad4f-632d-47fa-ac6f-f8574a91714d,knees.trading,available,19.99,,50,5,5,name.com,,
042b1382-3a29-4348-b820-1422398bfb66,givelife.trading,available,19.99,,58,5,9,name.com,,
04421da0-6e11-4d33-ad34-e0a4428509fa,stockupon.trading,available,19.99,,54,1,11,name.com,,
0443fcdd-a333-47dd-9d3d-770769ea629d,whoknew.trading,available,19.99,,54,7,8,name.com,,
0454195d-3f67-426a-babd-bcaec4f6f8c7,multiplication.trading,available,19.99,,55,6,14,name.com,,
045af8a8-cc2c-4f03-a378-420069000838,Americans.trading,available,27.98,,56,10,9,namecheap,,
046a20b3-bead-484e-9ea0-9d8727131c86,getworkdone.trading,available,19.99,,72,4,13,name.com,,
049dbf52-d54e-4db5-a888-b097d9490ea7,mobiles.trading,available,19.99,,62,19,7,name.com,,
04a42f9c-3b6b-4d16-b405-5b4182cea9b1,partwith.trading,available,19.99,,68,1,9,name.com,,
04ab8f4a-55bd-464c-a721-caa27998643e,yeahnah.trading,available,19.99,,54,11,8,name.com,,
04ce8be6-58e5-4ecf-9ba7-5c57f9dfc0e6,fishtail.trading,available,19.99,,68,5,9,name.com,,
04df06cb-898c-4dda-a5ae-a47f32fcdff6,getontheendof.trading,available,19.99,,64,0,17,name.com,,
04e52762-560d-45fb-8e30-d5cd91295af0,deskchair.trading,available,19.99,,78,2,10,name.com,,
053873af-c632-426b-9477-12ea17e70b97,moveup.trading,available,19.99,,79,14,7,name.com,,
0563686c-5257-4c5b-86a0-6f37b74e7ec0,newage.trading,available,19.99,,56,32,7,name.com,,
056aeb1a-4b24-4c61-a946-f1293ad26311,leavetown.trading,available,19.99,,58,1,10,name.com,,
0579f572-a125-43ea-9ee8-81e9832bad66,TheMall.trading,available,27.98,,68,10,8,namecheap,,
057b55a1-b955-4894-84b1-1bfedb278c38,bankers.trading,available,19.99,,52,11,7,name.com,,
0581b792-7241-4681-a3a1-5e871d2f003c,continentalplate.trading,available,19.99,,42,1,17,name.com,,
059161c4-afae-49aa-b312-9a5fec86a609,yielded.trading,available,19.99,,56,3,7,name.com,,
059e96c9-a0e7-4614-b7d5-aeff9e33064f,workethic.trading,available,19.99,,74,4,10,name.com,,
05aaecc4-b6ae-4a6e-bc02-51fbea321184,tycoons.trading,available,19.99,,55,6,7,name.com,,
05d5912c-c342-4fc3-9fa9-18e3815c2bce,Katy.trading,available,27.98,,74,17,4,namecheap,,
05f78eeb-dbd8-4b88-a8a7-d398eda4b459,bemother.trading,available,19.99,,74,7,9,name.com,,
05febd91-cb54-4d37-94d3-fe96f079bddc,publichealth.trading,available,19.99,,72,13,13,name.com,,
060a17b2-c48e-4573-a954-209fef57dd46,thinkabout.trading,available,19.99,,77,9,11,name.com,,
062e7995-7a25-4f0c-bf6e-8dc09ba1ad85,twentyseven.trading,available,19.99,,65,7,12,name.com,,
0633fa8a-3775-480e-a4f8-b1a74a8695fb,officedoor.trading,available,19.99,,55,1,11,name.com,,
063e184a-e080-40f4-9997-b1b7beb9217f,exclaimed.trading,available,19.99,,50,2,9,name.com,,
065b46ee-b165-496d-bd4d-92e53829e1de,goodbet.trading,available,19.99,,74,9,8,name.com,,
0688a8b1-d003-4283-9617-98d070c1054c,CountyofHudson.trading,available,27.98,,44,1,16,namecheap,,
068f3244-091c-48a7-899d-1e0944408495,gobackto.trading,available,19.99,,76,2,10,name.com,,
0693d5af-c0bb-4fce-9c6e-3f806a616b51,manyhandedness.trading,available,19.99,,64,1,15,name.com,,
06963e94-6aba-46c8-9a0b-6ba54005877d,mouthtomouth.trading,available,19.99,,60,2,14,name.com,,
06ac53ef-b239-493c-8e7d-b9ead89b70ea,ambitiously.trading,available,19.99,,68,1,11,name.com,,
06b1362c-2cbd-4fd9-9012-4143423f7dfd,takeaknee.trading,available,19.99,,69,2,11,name.com,,
06c1bece-58c6-4d63-82c9-c639404c1893,bloodplasma.trading,available,19.99,,74,1,12,name.com,,
06cd1121-09f8-4b6b-be08-160878b59d20,rivals.trading,available,19.99,,48,20,6,name.com,,
06d46b5b-bc58-4e82-b631-ec21f0b435fb,traded.trading,available,19.99,,52,6,6,name.com,,
06e3b5df-c7d0-491c-9166-87b412a8b0dc,generalparalysis.trading,available,19.99,,48,1,17,name.com,,
06ee39b3-2ba3-4b9e-8a97-6221eb90c80f,kicks.trading,available,19.99,,77,15,5,name.com,,
06f7fdb9-7c7a-4dd8-98b7-db7a1f2c1b15,steeltoeboot.trading,available,19.99,,66,1,14,name.com,,
06fd4a37-dacb-4a9a-8f2f-ce6493fe8c2b,thereandback.trading,available,19.99,,44,4,14,name.com,,
0712856f-3843-4fff-beb5-bf53d2e6a1b7,ghosts.trading,available,19.99,,48,14,6,name.com,,
071b998a-8bf6-402f-a0e1-6f8aaaa2fdc6,ricevinegar.trading,available,19.99,,71,2,12,name.com,,
071dc080-1c4b-4fa4-a6f3-d29272c57c8c,forthat.trading,available,19.99,,58,2,8,name.com,,
0731f6b4-290e-405b-a60e-fbb8ef80283e,greatgrandson.trading,available,19.99,,68,6,14,name.com,,
075d50a5-2579-4c56-8c05-b635050d1115,saveas.trading,available,19.99,,80,6,7,name.com,,
0766ca47-b054-498d-af2b-913a52ed5a89,conjunction.trading,available,19.99,,76,6,11,name.com,,
0769e32e-4eaf-4c4a-bf54-e8284022f8c9,takeajoke.trading,available,19.99,,76,1,11,name.com,,
076c9ea8-f212-4851-8c20-52bcb0d59ec7,softwarepackage.trading,available,19.99,,68,1,16,name.com,,
077e6d25-f903-4707-93b7-38e98a21f4d8,fellowhumanbeing.trading,available,19.99,,44,1,18,name.com,,
0780be04-4cef-4424-bb75-89827c4b17f2,tubes.trading,available,19.99,,48,12,5,name.com,,
0786572b-d38d-48f7-b7d2-648c70d5e48d,gobigorgohome.trading,available,19.99,,68,3,17,name.com,,
078c0937-b069-4e49-bd36-b7247dd1f9a5,chalkboards.trading,available,19.99,,52,2,11,name.com,,
078d36c4-80bf-4c36-ab59-bb093df9382f,makenews.trading,available,19.99,,80,1,9,name.com,,
078ea293-d7bc-4a50-84ea-5f0f708b596e,gettobe.trading,available,19.99,,54,1,9,name.com,,
07937d9d-d53e-417f-abf7-c1c8dd3e6162,batup.trading,available,19.99,,48,3,6,name.com,,
07b0195a-c105-4a7e-941f-06e6886e3e92,actiondoll.trading,available,19.99,,74,0,11,name.com,,
07c40f41-4926-4e27-9d8e-8008d734747f,oldage.trading,available,19.99,,71,20,7,name.com,,
07d56bb7-859c-4255-bbfc-321752774917,dues.trading,available,19.99,,70,6,4,name.com,,
07ddd28f-c05c-4c6d-9235-e55dfcf5078b,presentation.trading,available,19.99,,76,19,12,name.com,,
07e9ccd3-2577-423a-86c5-78f16e0ac507,toys.trading,premium,500,,60,24,4,name.com,,
07f611e4-5a05-40ea-a6a0-becaf6214521,caught.trading,available,19.99,,72,11,6,name.com,,
07fb8ee3-7c74-4df1-803f-d41267881bd6,WestHill.trading,available,27.98,,62,12,9,namecheap,,
080ab2f1-3d45-475b-9721-49fe6321634a,letup.trading,available,19.99,,74,3,6,name.com,,
080d4763-7784-48da-82a4-ca935fa1c263,keepsomebodyposted.trading,available,19.99,,46,0,20,name.com,,
0817e1c4-4afc-4a7d-a28b-170acb74c7ce,mahfucker.trading,available,19.99,,66,1,9,name.com,,
081d7a4b-a219-497c-90a1-5ac402778577,potatochip.trading,available,19.99,,74,3,11,name.com,,
084497c6-837d-47ab-861b-5d4e18cccb4b,offices.trading,available,19.99,,60,16,7,name.com,,
08466704-06d3-4a52-a73c-8f21f3264b63,boundaries.trading,available,19.99,,56,7,10,name.com,,
08581890-c022-407b-960f-8e1d8a2c0193,segregation.trading,available,19.99,,62,2,11,name.com,,
085985f3-84e8-4a48-945a-fee978798232,remembrances.trading,available,19.99,,51,2,12,name.com,,
0862d94b-5f73-4cdf-b604-0e9bba9e49c8,neckdeep.trading,available,19.99,,59,2,9,name.com,,
087a7060-da22-4451-9e2f-28383cb897f9,revenues.trading,available,19.99,,54,6,8,name.com,,
087f2ef7-287e-4d25-a6d2-9f9786bc00ae,Imustsay.trading,available,27.98,,66,1,10,namecheap,,
0891a8c2-d1c1-4c39-8732-271f6513a422,finalsweek.trading,available,19.99,,52,1,11,name.com,,
08b1fb0d-c944-44af-a3fd-63baece4a69d,inquestion.trading,available,19.99,,70,1,11,name.com,,
08e6f881-cde9-4653-a5eb-858b93f0df82,suspicions.trading,available,19.99,,43,2,10,name.com,,
08e804a9-9503-4300-8804-dc8cad6939e0,pokeabout.trading,available,19.99,,68,1,10,name.com,,
08eeedfb-b399-4826-aaa6-07d425be718e,keeppace.trading,available,19.99,,74,3,9,name.com,,
08f98681-c764-4e82-83b4-51d4a10964b2,violetgold.trading,available,19.99,,72,11,11,name.com,,
0900f00e-f5fd-4903-a3c2-c6189ce35c5a,lightup.trading,available,19.99,,82,15,8,name.com,,
0919883c-9f23-4927-b1e4-aab74d1d03f0,jaguars.trading,available,19.99,,62,9,7,name.com,,
091c10d7-edcf-4d49-a93b-2e8437545b09,throats.trading,available,19.99,,44,2,7,name.com,,
0933bde9-dece-46f2-a38d-4c1659922dc3,havereason.trading,available,19.99,,76,1,11,name.com,,
093987ae-8e78-4518-9ed8-8754c385453b,vaccination.trading,available,19.99,,74,9,11,name.com,,
093e8a0b-4d52-4e54-ab8c-cd1bb91baa29,spas.trading,available,19.99,,56,10,4,name.com,,
096c1072-8394-4c12-b9fb-37bb913db636,StHelena.trading,available,27.98,,70,3,10,namecheap,,
098fa372-b364-4db8-b262-86b131d4a8ea,Catholics.trading,available,19.99,,58,8,9,name.com,,
0995a2e7-5486-4ac3-ad75-f9dcd6cd01b2,BlackWallStreet.trading,available,19.99,,44,9,17,name.com,,
09970138-27a5-480f-a3cb-69179832371b,communityspirit.trading,available,19.99,,72,2,16,name.com,,
09a17c64-fd38-415a-95b9-b2324deb281f,rocks.trading,available,19.99,,78,18,5,name.com,,
09bff073-f8e4-4725-b586-ea78d05d9385,breathalizer.trading,available,19.99,,67,1,12,name.com,,
09c1c778-1e0f-43e7-804d-e7213c24a205,breastfeed.trading,available,19.99,,76,3,11,name.com,,
09d157d9-62e2-4ca5-9021-6874d6a3c1bd,bedamned.trading,available,19.99,,38,1,9,name.com,,
09fd2d8f-21a2-4d3b-bfeb-d0d3b5ea65ea,coffeeaulait.trading,available,19.99,,72,1,14,name.com,,
0a1da257-4efa-4b25-bc91-9bac3c1c73a7,intwominds.trading,available,19.99,,66,1,12,name.com,,
0a200b1f-f325-47ac-995c-afd2860b40c4,inthethickof.trading,available,19.99,,50,1,15,name.com,,
0a263a5c-e105-4009-9faf-eac7b940a883,synthesized.trading,available,19.99,,57,3,11,name.com,,
0a33be2e-c2f2-44f7-bfcd-44d995d1a0bb,Irishhospitality.trading,available,27.98,,78,1,17,namecheap,,
0a3d7541-0bee-452b-9908-2a9ca5b76b2b,mothafukka.trading,available,19.99,,66,1,10,name.com,,
0a4aefcd-d5b1-47e9-b2be-98747f5ecb8e,togetherwith.trading,available,19.99,,50,4,13,name.com,,
0a4b3bfa-fe16-48b4-a75a-fd50289be5e3,brosbeforehoes.trading,available,19.99,,38,1,16,name.com,,
0a4ea8b0-57af-4664-b092-53c3c6484545,estimationtheory.trading,available,19.99,,60,1,17,name.com,,
0a5b9351-4302-419f-b1c3-1cbbbd3fce90,gettheballrolling.trading,available,19.99,,72,1,20,name.com,,
0a8edddb-78ca-4282-8859-5def1fa77f3a,gobegging.trading,available,19.99,,66,2,10,name.com,,
0a9933fd-723e-452a-a53b-d2d6deb8c985,costbenefit.trading,available,19.99,,52,3,12,name.com,,
0aac4389-e72f-4de6-a948-e0d8f3ef92db,onyourmark.trading,available,19.99,,76,5,12,name.com,,
0aca6a60-fecd-4903-ad10-a09549612796,letsomeoneloose.trading,available,19.99,,52,2,17,name.com,,
0ad0ec8f-b03e-4e85-a50a-9d0c4640e525,moveforward.trading,available,19.99,,76,9,12,name.com,,
0af2a85a-8bef-4345-9c48-e63b02a8f2c7,voted.trading,available,19.99,,54,6,5,name.com,,
0af912c2-6c0f-442b-a589-e8221d8f34e5,coffeetalk.trading,available,19.99,,80,8,11,name.com,,
0b0c1df7-6f6d-46c7-9dc8-d47748d6d9ed,voicecall.trading,available,19.99,,76,5,10,name.com,,
0b25fe9b-083c-459c-8621-dc499e6e8c40,declining.trading,available,19.99,,66,2,9,name.com,,
0b3bd7c5-bd1d-4b43-a85c-5c3a3de087cd,getofftheground.trading,available,19.99,,71,1,18,name.com,,
0b509e7f-a0c1-44ae-9609-3017e51ef20e,disobedience.trading,available,19.99,,64,3,12,name.com,,
0b590e5a-5380-4cac-9cb0-fc7e450cd862,tobeginwith.trading,available,19.99,,66,2,13,name.com,,
0b8c2a5d-67ef-4bcb-8bc6-e2fa72ff7f93,seeyoulater.trading,available,19.99,,54,12,13,name.com,,
0b94e664-12cc-4bd5-acba-57261f853f6a,takehuff.trading,available,19.99,,64,1,9,name.com,,
0bc4da2a-c8e6-4ad4-a4ad-228d546cd97e,finalfrontier.trading,available,19.99,,76,7,14,name.com,,
0bf05745-c501-4d78-ab37-c9ce1d197096,sobeit.trading,available,19.99,,52,5,8,name.com,,
0bf14763-2c93-4ffd-bddd-83868aba6e97,manymoonsago.trading,available,19.99,,46,5,14,name.com,,
0bfaab8d-abcc-46aa-b2bd-a02053b25af1,Iseeyou.trading,available,27.98,,58,23,9,namecheap,,
0bfac331-8cb9-408a-88e6-24d13690b9d9,receptions.trading,available,19.99,,53,4,10,name.com,,
0c0235c7-4f12-40dd-8f7b-d8651478fd07,replaces.trading,available,19.99,,55,3,8,name.com,,
0c12bb42-1c5c-4e80-9f27-d5c1a9c6816e,QueenElizabeth.trading,available,27.98,,82,4,15,namecheap,,
0c217ba0-9908-481d-8400-3d5371dad538,TwinTowers.trading,available,27.98,,66,4,11,namecheap,,
0c270dbe-fe6f-4bf0-b25e-4f8b974b5e5d,fanclub.trading,available,19.99,,84,20,8,name.com,,
0c3254f8-c3c7-468b-9168-6ceb55acf9e5,mothafucka.trading,available,19.99,,66,2,10,name.com,,
0c428230-bbbc-400b-86a4-55bfa31699f7,bloodflow.trading,available,19.99,,74,2,10,name.com,,
0c48a34d-8d7e-4f78-865e-cd865cab4e99,instantmessage.trading,available,19.99,,70,2,15,name.com,,
0c8c9e95-863f-4932-b38a-d6aece12ac9b,luncheonmeat.trading,available,19.99,,70,2,13,name.com,,
0c9ca10a-2f7e-4d2c-bfb4-b90aac77075c,whitevinegar.trading,available,19.99,,66,12,13,name.com,,
0ca6dd0e-7b9d-4849-bedd-48aea3289734,gobythewayside.trading,available,19.99,,62,1,17,name.com,,
0cadf261-7195-44fa-addd-498eaa49b254,finalrespects.trading,available,19.99,,42,1,14,name.com,,
0caecf4d-793f-4bf7-8e12-93b70409d0df,setfree.trading,available,19.99,,80,6,8,name.com,,
0cb74088-a555-4743-ab67-da8aa33e88a2,chickenliver.trading,available,19.99,,64,1,13,name.com,,
0cbf589a-32a3-4ab5-83b7-a59754abd666,schoolboard.trading,available,19.99,,76,6,12,name.com,,
0cc7bfa4-f23c-433b-a9fb-c69fc2074d3c,planets.trading,available,19.99,,60,13,7,name.com,,
0cd0294c-8f41-4cd3-bc06-050019e413cf,schoolbook.trading,available,19.99,,70,5,11,name.com,,
0ce28d6a-ca95-4d40-9503-0f00380bb574,touchdowns.trading,available,19.99,,57,2,10,name.com,,
0ce5bf6c-43d1-4efd-9641-46b58c39fd86,nothanksto.trading,available,19.99,,58,0,12,name.com,,
0cf0aa58-50c1-422f-954e-f2e995785479,Ihateyou.trading,available,27.98,,52,4,10,namecheap,,
0cf7d5b7-131d-4093-a660-46449800b544,engineers.trading,available,19.99,,60,19,9,name.com,,
0cf9f124-110e-4375-b6d1-73b96bd67937,summertime.trading,available,19.99,,78,11,11,name.com,,
0cfce19a-609b-4b4f-907d-929bcc15dc34,pomegranates.trading,available,19.99,,60,4,12,name.com,,
0d027781-5801-4953-8ccb-c61867102fd3,primarytooth.trading,available,19.99,,60,2,13,name.com,,
0d20dcd2-8e41-4b6a-a7e4-a8886e26195f,launched.trading,available,19.99,,65,13,8,name.com,,
0d42cda5-36be-424b-95b1-f84e1e38e0ae,deadon.trading,available,19.99,,66,4,7,name.com,,
0d437a54-f560-442a-b28a-5a0b606c32a9,sums.trading,available,19.99,,50,9,4,name.com,,
0d51fe95-7360-4c50-a594-b56973b78680,steroids.trading,available,19.99,,50,10,8,name.com,,
0d5211d7-b40b-41ba-9b79-fa92ce070ec9,biggame.trading,available,19.99,,78,9,8,name.com,,
0d6076d1-23e2-46b4-9366-8d27ea2933df,Frenchroast.trading,available,27.98,,62,2,12,namecheap,,
0d69287c-3cd9-4287-9c60-172e30dc315e,puts.trading,available,19.99,,58,7,4,name.com,,
0d6ce177-d18d-45c0-8802-645fb7b3718e,GeneralTaochicken.trading,available,27.98,,70,1,19,namecheap,,
0d7580cb-f992-4e7e-a6d1-d8327d558209,potentiality.trading,available,19.99,,72,13,12,name.com,,
0d8a5433-8f6b-49cb-8b70-ca37504ab149,fillup.trading,available,19.99,,72,7,7,name.com,,
0da91a27-9333-456a-b54c-1a2a8943295d,expectedreturn.trading,available,19.99,,48,2,15,name.com,,
0dab7032-fe25-446f-997e-02aff1bb9f4e,havenousefor.trading,available,19.99,,56,0,15,name.com,,
0dbd50fc-3849-4c4e-aa67-29ffe0097d50,landedproperty.trading,available,19.99,,42,1,15,name.com,,
0dec5dea-695a-401d-83eb-68501d407a30,goodbooks.trading,available,19.99,,80,10,10,name.com,,
0df3f7fb-a294-4b73-95e2-b3e2ed47c139,moved.trading,available,19.99,,72,10,5,name.com,,
0e0425d6-c82e-406e-a8ce-c20057b85d20,makingwaves.trading,available,19.99,,64,7,12,name.com,,
0e1898d7-4491-4145-b534-f105971cdd44,learnt.trading,available,19.99,,56,10,6,name.com,,
0e2dbfdf-65f8-48de-9c06-b9f04ab3b891,getthegreenlight.trading,available,19.99,,52,1,19,name.com,,
0e349d51-ff46-4873-809a-86e9e8d931d7,gowiththewind.trading,available,19.99,,74,1,16,name.com,,
0e44b721-3d01-47a4-8aa8-e9068df39680,comeonover.trading,available,19.99,,78,2,12,name.com,,
0e4df802-2e5c-48b8-bfbd-b95338e7f7b7,breathofheaven.trading,available,19.99,,68,2,16,name.com,,
0e4f734f-8142-4bf2-a761-47a879f06e0e,rockmusic.trading,available,19.99,,78,8,10,name.com,,
0e5244da-9109-4f6d-ab2a-179716c36922,candles.trading,available,19.99,,67,13,7,name.com,,
0e5982c2-3838-4ef0-9aa6-5e01dad3aa05,slips.trading,available,19.99,,70,10,5,name.com,,
0e710170-ecc6-47c8-a52b-018f0a5b9522,plans.trading,available,19.99,,60,20,5,name.com,,
0e90096e-ee04-46ca-b08f-08154305da1e,liveblog.trading,available,19.99,,76,5,9,name.com,,
0e9350dc-132b-44e4-84f5-6aabee86db68,Chinesenoodles.trading,available,27.98,,54,11,15,namecheap,,
0e95918e-05eb-4de0-b585-36ae03d36443,getlucky.trading,available,19.99,,84,10,9,name.com,,
0e96c25c-290e-4b39-aab8-0131c5416b4a,coffeeandcakes.trading,available,19.99,,72,2,16,name.com,,
0e96f143-e32c-4717-8e4d-6089ebc72645,getupin.trading,available,19.99,,74,1,9,name.com,,
0ea0056e-a0fc-4c79-a620-4a4cb417d469,concertroom.trading,available,19.99,,56,5,12,name.com,,
0ea331de-3d38-4a12-8e41-6e6a4027cdd6,baconexplosion.trading,available,19.99,,72,1,15,name.com,,
0eb86b8f-e5e9-4adb-9ab8-8028061210bb,Remington.trading,available,27.98,,80,13,9,namecheap,,
0ebac55d-deb1-45ee-9ceb-01c168922513,inthefastlane.trading,available,19.99,,64,2,16,name.com,,
0ebad454-05f5-4160-8411-d4cbf65094ed,artmusic.trading,available,19.99,,74,5,9,name.com,,
0ecbb71d-1d0d-4c2a-97a7-1b22a68b93d4,gofast.trading,available,19.99,,74,15,7,name.com,,
0ecbbbc3-f48c-4f4b-9c82-b1698eeaf2e1,knowwhat.trading,available,19.99,,46,8,9,name.com,,
0ed5d99c-f521-4f9c-a043-c221688491b9,teetotalism.trading,available,19.99,,70,1,11,name.com,,
0ee347f4-24ed-410a-a6eb-e06807c19ba6,animals.trading,available,19.99,,64,21,7,name.com,,
0eefd1f2-2ba6-4362-975d-4f37e0b575e9,tapon.trading,available,19.99,,48,5,6,name.com,,
0ef6fc8c-7a56-42ba-bc76-55b36fca78ed,chiefs.trading,available,19.99,,50,10,6,name.com,,
0f08b736-bc07-405f-899e-c317ba919a01,financialcrisis.trading,available,19.99,,54,3,16,name.com,,
0f148044-ebe1-4d0c-b9b6-3c7fabaec80c,involving.trading,available,19.99,,56,2,9,name.com,,
0f1c61cd-6844-482f-a3f0-413af35e027a,howdoyoulikethat.trading,available,19.99,,52,4,20,name.com,,
0f2a86c7-6462-438e-b94b-f8d342169d47,hardwork.trading,available,19.99,,76,10,9,name.com,,
0f4d4658-dcdb-479e-a2f8-68f579510c63,technicality.trading,available,19.99,,69,4,12,name.com,,
0f54d133-2560-4666-ac6d-3a5c8f20e9f8,deadonarrival.trading,available,19.99,,46,2,15,name.com,,
0f61403d-07ff-42ff-a8eb-96893b58d38b,parkin.trading,available,19.99,,59,8,7,name.com,,
0f62a359-2a37-457e-b20b-1d5a2217a8f6,uncomfortably.trading,available,19.99,,46,2,13,name.com,,
0f73dc50-baad-4319-b278-91af55b3d47e,Ithinkso.trading,available,27.98,,58,4,10,namecheap,,
0f77ca72-76d4-409f-b235-f57f93cbed8d,abilities.trading,available,19.99,,74,4,9,name.com,,
0f82b9f3-1997-4071-a5ae-2a3055dad5d6,gowholehog.trading,available,19.99,,70,1,12,name.com,,
0f837bac-3b85-468b-a8fa-0bba9e1d603c,divas.trading,available,19.99,,62,10,5,name.com,,
0f894163-f272-4189-810d-4dee221db613,sits.trading,available,19.99,,54,10,4,name.com,,
0f999448-17cc-4cf1-b88c-4a0a32b3e13a,sombudy.trading,available,19.99,,62,1,7,name.com,,
0f9c773e-4b78-4964-8025-3f62ceae4353,tablespoons.trading,available,19.99,,54,2,11,name.com,,
0f9e2522-391d-4cdc-bb04-b5de3cf3bc3a,herbs.trading,available,19.99,,62,22,5,name.com,,
0fa996b8-2a9a-45f5-a00b-0691aa0d7d55,goodafternoon.trading,available,19.99,,60,6,14,name.com,,
0fb3f9c3-7872-4b75-bbc2-f6e8a7775c33,comeintoeffect.trading,available,19.99,,70,0,16,name.com,,
0fc1fa79-7c82-48e1-a5db-ee63f8e9d788,took.trading,available,19.99,,52,11,4,name.com,,
0fd61f7e-66c2-42e7-aff6-e233364b3842,closeinon.trading,available,19.99,,76,1,11,name.com,,
0fd8f433-a749-41df-810e-0e33f49578c6,Yours.trading,premium,,,68,18,5,,,
0ff43c44-c226-4695-9c7d-6e61041713a7,designerstubble.trading,available,19.99,,66,1,16,name.com,,
10254761-2021-4f00-9c3d-c0b2b88476d4,rumorhasit.trading,available,19.99,,47,2,12,name.com,,
103daa00-6cb1-40d1-b95f-4373d353fc70,spillover.trading,available,19.99,,68,4,10,name.com,,
104cfd14-834f-4e90-b85e-a3bffc83ff5b,paparazzi.trading,available,19.99,,71,12,9,name.com,,
10524083-2925-4254-a738-b6b517b80b53,Catholicism.trading,available,27.98,,74,6,11,namecheap,,
1062f6a9-2ee5-4b6f-8f39-1a6b76305113,partyto.trading,available,19.99,,53,1,8,name.com,,
106707e8-2b1e-4ac5-bd3b-8676748040f1,redplanet.trading,available,19.99,,74,19,10,name.com,,
10772dca-b07e-4979-9b8c-4d5f1fc4a909,Frenchvanilla.trading,available,27.98,,54,1,14,namecheap,,
10906507-cee1-4032-854f-5ccfe2eb6b35,pairofhands.trading,available,19.99,,64,1,13,name.com,,
109135ef-29ab-47f5-8224-afd78052d43d,equations.trading,available,19.99,,54,5,9,name.com,,
1096f838-3fbf-4b22-a203-846f48f6381c,breastcancer.trading,available,19.99,,58,9,13,name.com,,
109a97d8-bd80-4c1d-8c96-ef8f663f6945,inthesameboat.trading,available,19.99,,48,2,16,name.com,,
10a3c409-e474-40b8-8ea6-7077fe2520a4,whothehell.trading,available,19.99,,42,1,12,name.com,,
10af9484-7c9d-4978-abbb-5b883f61b224,abovespecified.trading,available,19.99,,54,0,15,name.com,,
10b1b039-9bd6-4f85-b109-c11111769962,backalley.trading,available,19.99,,62,5,10,name.com,,
10be1779-5b7b-485e-b508-ad23e1b4cc92,wines.trading,available,19.99,,63,16,5,name.com,,
10d1b639-533b-4f1d-9492-f9c0c0a00481,asthecrowflies.trading,available,19.99,,48,4,17,name.com,,
10dddff9-52af-42e4-b710-5162f7918358,evenif.trading,available,19.99,,60,3,7,name.com,,
10e5e87b-eaa8-426c-b52d-eab4e8244592,onspecial.trading,available,19.99,,52,2,10,name.com,,
10e7bf50-1a7d-4d80-8482-51d7baed3536,approached.trading,available,19.99,,50,2,10,name.com,,
10f646e7-76f0-4dfa-9d5b-a8bcada15e50,leavethenest.trading,available,19.99,,70,1,14,name.com,,
111b9df0-98eb-4940-8e01-c2b181c91ec3,seton.trading,available,19.99,,72,9,6,name.com,,
112b8a6a-c974-4d2f-a7c5-18d4a2afd729,havethetime.trading,available,19.99,,68,1,13,name.com,,
112c1b30-c05c-4e95-b1bc-b1371879dc37,oysters.trading,available,19.99,,57,9,7,name.com,,
1136ca07-7aa7-4ee9-a3d3-2c07eaabed3c,chickenofthesea.trading,available,19.99,,68,2,18,name.com,,
115640b0-365c-48d9-b2d5-04c66dc3e885,contains.trading,available,19.99,,54,4,8,name.com,,
11609780-e579-4e79-a911-5ee25a8fffd6,manycolored.trading,available,19.99,,54,0,12,name.com,,
11626e53-533e-4d8b-aa08-6f1d733fe450,Henri.trading,available,27.98,,66,15,5,namecheap,,
11813973-0270-446a-bfcd-302afb275694,fanletter.trading,available,19.99,,72,1,10,name.com,,
119a2fe9-084b-4ad3-af5f-a35f62a802d0,hysterically.trading,available,19.99,,56,1,12,name.com,,
11a933bf-c4de-4af0-b329-ccf95375c78b,fillintheblanks.trading,available,19.99,,64,2,18,name.com,,
11aed9f2-757c-42ef-a739-bec0571ad7f9,robots.trading,premium,1250,,62,47,6,name.com,,
11c46bdc-5e94-4411-8662-cbcf1275c048,Godresthissoul.trading,available,27.98,,44,1,17,namecheap,,
11d68955-26e8-4d92-b64c-b23e67f4a778,walkabout.trading,available,19.99,,76,11,10,name.com,,
11e1bb38-3875-47a7-9bef-35dc7d71e95b,getwrong.trading,available,19.99,,70,11,9,name.com,,
11eb5d71-d2db-4f0b-af73-0dcf04e07c2e,kitchensink.trading,available,19.99,,68,6,12,name.com,,
11fd5a62-8022-4472-8edc-c6b866820e7a,goaroundincircles.trading,available,19.99,,62,0,20,name.com,,
12078fc2-cd67-4450-82a7-946f5b226106,choices.trading,available,19.99,,60,12,7,name.com,,
120b9023-7125-406e-940f-7b9de13de539,hospitals.trading,available,19.99,,64,10,9,name.com,,
120d859a-3323-4272-a733-3e0b5d4643a4,successors.trading,available,19.99,,55,3,10,name.com,,
12107245-31ee-4348-9c3a-7c4fe2cf31a4,valueable.trading,available,19.99,,78,3,9,name.com,,
1211596b-9195-4974-8b21-f2d9e382aa50,landedestate.trading,available,19.99,,42,1,13,name.com,,
12117a0b-e5bf-4e35-b738-8923da73876e,Cindy.trading,available,27.98,,80,15,5,namecheap,,
1215b7cf-4501-4d0e-aef3-96544cac465a,divinejudgment.trading,available,19.99,,47,1,15,name.com,,
1248f825-4ffa-437b-a40c-03eee596916b,letterruling.trading,available,19.99,,45,1,13,name.com,,
124b7c4f-fa05-4ed0-9cba-3e6d00345804,usualoffice.trading,available,19.99,,57,0,12,name.com,,
1262fe0f-e1fb-46f8-aca2-6bc47b3b2884,roses.trading,available,19.99,,68,16,5,name.com,,
12694ee9-d39c-46c0-8009-c1429020b1f9,deadofwinter.trading,available,19.99,,34,2,14,name.com,,
12760869-92c9-49ab-9ba3-5edb1a811fff,backstretch.trading,available,19.99,,74,3,12,name.com,,
127e2a45-26df-4391-830c-d6ef2452b94e,showering.trading,available,19.99,,80,2,9,name.com,,
12858bda-b074-40f1-b37d-18f397c3f1e0,discriminating.trading,available,19.99,,58,1,14,name.com,,
128cf90b-c68e-4c40-bad3-861f3dbab960,finds.trading,available,19.99,,62,16,5,name.com,,
129486f9-79ae-4e2c-8c2d-ad314e7a707a,workfromhome.trading,available,19.99,,51,16,14,name.com,,
12cbbb91-7dc1-4d6d-bdf7-84d9d859a957,pratabout.trading,available,19.99,,66,1,10,name.com,,
12d4938a-f4eb-4fda-b309-f681662dda70,whattheheck.trading,available,19.99,,38,3,13,name.com,,
12ebf9f1-9892-48f5-9e93-c67962678623,commonyears.trading,available,19.99,,54,1,12,name.com,,
12f50f71-ed0d-4d2a-b0d7-4c4579c44d9c,Bflat.trading,premium,,,68,4,6,,,
12f7b440-c201-4cc7-b64c-1a0acd13e09d,youre.trading,available,19.99,,62,15,5,name.com,,
1301c8ce-c3dc-4428-98b1-a3988cb825c0,remarks.trading,available,19.99,,56,6,7,name.com,,
1333995e-ecde-481a-bb25-95336ab1632a,newatheism.trading,available,19.99,,68,1,11,name.com,,
133fa979-5028-4d94-90f7-2a94dab74f09,newer.trading,available,19.99,,60,8,5,name.com,,
134303dc-79af-4f9f-934d-c74b49b87184,oncemore.trading,available,19.99,,61,12,9,name.com,,
13448302-0a6a-4711-890e-3c70aad03dbb,changeout.trading,available,19.99,,50,1,10,name.com,,
134d5f88-f14a-4193-bbf1-324b7c9cc3d8,hashtag.trading,available,19.99,,82,30,7,name.com,,
13572701-5924-4dc7-9926-f212c6c4435d,plateglass.trading,available,19.99,,60,1,11,name.com,,
1363b510-0936-4690-9f19-b372028cd317,gonumberone.trading,available,19.99,,40,1,13,name.com,,
1364e3d0-2f85-40dc-ab7d-b7074c3e1c6f,calculators.trading,available,19.99,,54,16,11,name.com,,
13700602-0aa5-4d25-a45b-8991968900cd,gowithout.trading,available,19.99,,75,1,10,name.com,,
1375f2d6-cc5e-4b34-96dd-f8c3ae4ab693,seperately.trading,available,19.99,,48,1,10,name.com,,
139a9ace-f010-4730-8d75-16af7a440a89,treeofsorrow.trading,available,19.99,,60,8,14,name.com,,
13a38123-2b47-4e7e-af3d-929fa25bf9fe,makefriends.trading,available,19.99,,88,6,12,name.com,,
13a5f52e-73c1-4b7c-9404-336302edd6ee,IamHIVpositive.trading,available,27.98,,44,1,17,namecheap,,
13b9828d-fb03-4ea1-ad67-c8a897932f74,conventionally.trading,available,19.99,,50,1,14,name.com,,
13d61d14-e184-4cb6-833f-03207bc6c03d,givesomeoneabreak.trading,available,19.99,,68,12,20,name.com,,
13d96871-38ed-479f-a44f-036be8b72449,letterofwishes.trading,available,19.99,,68,1,16,name.com,,
13de3109-a26d-4f57-aa1e-60fd27082de1,cattax.trading,available,19.99,,68,2,7,name.com,,
13eaa7ad-24b0-4a80-8346-3c47f6494225,notalittle.trading,available,19.99,,60,1,12,name.com,,
1406d73c-8397-4347-b84d-fb46c087fe55,fillaway.trading,available,19.99,,70,1,9,name.com,,
1439b51f-4475-4528-b79a-e53e356caa78,justification.trading,available,19.99,,62,5,13,name.com,,
143ab45a-1969-4370-9f41-056e2c9f464f,lightupon.trading,available,19.99,,72,2,10,name.com,,
144fa902-bcac-48a5-bd7b-55392932b59a,distinctiveness.trading,available,19.99,,72,1,15,name.com,,
14574fc7-1adb-4b25-ba6e-520387f5221f,chickenoregg.trading,available,19.99,,66,4,14,name.com,,
14732aee-04d5-4bee-a553-ae1d8c1b40fe,waytoo.trading,available,19.99,,60,9,7,name.com,,
149e6851-1917-4577-8ba5-70959c80129a,thickskinned.trading,available,19.99,,52,1,13,name.com,,
149f5a86-564f-4b49-b978-830c81247cc1,nuclei.trading,available,19.99,,44,7,6,name.com,,
14a6af8a-6050-4543-bd47-d3c475e56db3,conducted.trading,available,19.99,,54,2,9,name.com,,
14c235bd-e9cc-4e6b-8920-4134d68b0d91,keepfrom.trading,available,19.99,,52,1,9,name.com,,
15056068-37ec-448c-8f75-a9a5862d89f9,grandnephews.trading,available,19.99,,66,1,12,name.com,,
151c7cb9-d343-4719-9557-880148a0092f,CountyofRiley.trading,available,19.99,,42,1,15,name.com,,
15233c18-5a85-483d-a5ce-b7dfc9c3cf96,comments.trading,available,19.99,,52,10,8,name.com,,
153d327f-8e06-4017-bc50-9ffea92aaf4e,socialliberal.trading,available,19.99,,60,2,14,name.com,,
15488d6b-b54e-4535-9551-502508332822,skirting.trading,available,19.99,,64,3,8,name.com,,
154f74cf-4212-48b1-9bff-04a075c3b4af,takealeak.trading,available,19.99,,63,1,11,name.com,,
155872ca-3c86-4993-878b-f6b9c79d9c92,gettheidea.trading,available,19.99,,79,0,12,name.com,,
155cba59-ef0d-461b-a0b3-8e796ca1d049,drops.trading,available,19.99,,52,25,5,name.com,,
1568ac07-de00-47d4-9687-03d1d2adec29,overtheboard.trading,available,19.99,,62,2,14,name.com,,
157239fc-8b7e-48ce-b9ac-070b5b7cd6cc,costofmoney.trading,available,19.99,,60,1,13,name.com,,
1572a979-c728-4694-8e75-6a7a159da810,sharps.trading,available,19.99,,70,9,6,name.com,,
157808af-d498-4b11-803a-a3cc61049004,designers.trading,available,19.99,,72,15,9,name.com,,
157e3fee-8b5e-4c2b-bb5e-f8d6bd9cc5eb,rightatrium.trading,available,19.99,,62,7,12,name.com,,
1580c5ce-82fd-4e07-97c3-44adddb331b9,shells.trading,available,19.99,,58,9,6,name.com,,
1582e9e3-3b11-4a0a-b597-3a9c7fa01065,successes.trading,available,19.99,,62,8,9,name.com,,
159d9c92-0786-40f7-99b4-1935590eaf95,proofs.trading,available,19.99,,55,13,6,name.com,,
15a0d3ad-30f3-4b9a-9428-bc309b7cf9cf,believein.trading,available,19.99,,68,6,10,name.com,,
15d6c4b2-6a53-4cd8-8aca-e11bdb0a5abb,gummyworm.trading,available,19.99,,87,1,10,name.com,,
15e1f52f-6495-4c15-83b9-4a896e71e8ce,coffeemoney.trading,available,19.99,,80,2,12,name.com,,
15e52afe-3988-4df8-b518-a947c1a1eed9,goape.trading,available,19.99,,76,5,6,name.com,,
15e83a0f-fc62-42c0-bcac-81ca864c2c4c,trafficlights.trading,available,19.99,,52,13,14,name.com,,
160ebb64-6113-429d-8d86-018431ac9709,printmedia.trading,available,19.99,,78,6,11,name.com,,
160f6725-4c9f-4cd5-b7ca-e83183e78f8f,MiddleEastern.trading,available,27.98,,58,4,14,namecheap,,
160fef4d-7267-479e-939e-657845b5f183,NorthAmerican.trading,available,27.98,,66,12,14,namecheap,,
16146226-8abc-4bcf-8e80-31a51465eff7,publicservant.trading,available,19.99,,68,2,14,name.com,,
1616660b-9647-4710-a074-26c7171537fc,hellothere.trading,available,19.99,,84,9,11,name.com,,
1624449d-add0-45f5-891d-d377d5ed84d6,godark.trading,available,19.99,,68,5,7,name.com,,
16244ea7-ca05-4b91-8b69-a0d312babb27,speakers.trading,available,19.99,,66,12,8,name.com,,
163d27ff-e0df-49b4-b429-9c098864cbf3,letthefurfly.trading,available,19.99,,47,1,15,name.com,,
165409c5-429d-4cd7-9407-82ea3cde26ed,inblossom.trading,available,19.99,,56,1,10,name.com,,
165cb973-b9dd-4c08-9668-31469db27465,blueberrypie.trading,available,19.99,,60,2,13,name.com,,
16a9d697-47ba-42cd-b576-c17ab3d87845,intwoshakes.trading,available,19.99,,42,0,13,name.com,,
16b90412-302d-4039-ab68-e73ee8d57846,baggagecheck.trading,available,19.99,,66,1,13,name.com,,
16c3d0bd-b2ff-40fa-b4a8-02a3c07670f1,transparency.trading,available,19.99,,86,23,12,name.com,,
16c6836a-4af4-4b7a-a185-66d9155a41b2,universities.trading,available,19.99,,54,9,12,name.com,,
16d63e6f-8bfb-4edc-acc2-6e3aa5f32b3f,suits.trading,available,19.99,,61,13,5,name.com,,
16ed3a71-86f4-447f-a596-df49eed15f9f,mothahfuckah.trading,available,19.99,,66,1,12,name.com,,
16f01726-8aa2-416c-9532-82fbd53b6f60,Dives.trading,available,27.98,,66,8,5,namecheap,,
1700f208-c793-49bc-823c-da2afe9c18c3,attheriskof.trading,available,19.99,,50,1,14,name.com,,
171831a9-1842-4bd8-98dd-985c89f4e9a1,asaresultof.trading,available,19.99,,50,0,14,name.com,,
17189131-5be0-4ae3-97c3-a1e5f9d7f880,restructure.trading,available,19.99,,74,6,11,name.com,,
1732f6df-ae68-4d15-a86c-7df1e2987321,mothafuggah.trading,available,19.99,,66,0,11,name.com,,
17446e84-f94f-4b86-9604-de207fb95646,retailbanking.trading,available,19.99,,59,3,14,name.com,,
1747bc9b-a2ba-4b39-aad5-2b22282157d9,dankmeme.trading,available,19.99,,74,3,9,name.com,,
174c23ff-768c-4dc1-9a1d-693fa6993608,bluecheckmark.trading,available,19.99,,70,2,15,name.com,,
175648b4-4510-4333-b519-4de66f382c6e,giveafig.trading,available,19.99,,70,9,10,name.com,,
1774592a-f591-40ac-b45b-bda048c3490c,BigMac.trading,available,27.98,,84,7,7,namecheap,,
17896c5e-aa6b-4da5-aeff-153005c733a7,webcontent.trading,available,19.99,,78,5,11,name.com,,
1799f9ff-fc90-40fa-9ddf-ef5712832ebe,called.trading,available,19.99,,68,15,6,name.com,,
179dcf74-b537-45ec-96e3-fd6b4ebb8938,baseplate.trading,available,19.99,,66,7,10,name.com,,
17a3bc6e-600e-422f-b73d-b1c469a1f2aa,childdevelopment.trading,available,19.99,,48,4,17,name.com,,
17ad345a-0f33-4115-b9da-6ed9e2c714d0,whitesalt.trading,available,19.99,,64,10,10,name.com,,
17b7c7e5-7d5d-4f82-8b10-9819f3a97130,intheway.trading,available,19.99,,70,3,10,name.com,,
17d4def7-b000-410d-ab33-647e85c1525d,gothroughwith.trading,available,19.99,,58,1,15,name.com,,
17dd0f89-fe51-47d6-ba33-ac8a68909ef9,supports.trading,available,19.99,,64,12,8,name.com,,
17e31d0f-abee-4b48-9ed4-add53d47e37a,howoldareyou.trading,available,19.99,,48,6,15,name.com,,
17ff9745-aba9-47cc-be63-067684a9cd32,recognition.trading,available,19.99,,92,11,11,name.com,,
182c787f-e953-4270-9b0d-e4b3eaf74745,twoyearsago.trading,available,19.99,,43,0,13,name.com,,
1843b499-b64a-4329-8d50-75724dc41c68,hitwith.trading,available,19.99,,76,2,8,name.com,,
18485325-a762-402b-8784-abccf8ddc7f9,husbandandwife.trading,available,19.99,,70,1,16,name.com,,
184b0302-fbb3-49ea-bf42-836fdb2a6f1b,centralised.trading,available,19.99,,70,2,11,name.com,,
1850da1e-c4e3-4d70-a13b-cfadf17a0ca4,oddsandends.trading,available,19.99,,65,4,13,name.com,,
185bb65f-09da-46ca-b031-43b646d9056a,stepbystep.trading,available,19.99,,62,14,12,name.com,,
186eae4a-7e5f-4ab5-8168-94b69cafaf85,HoChiMinhCity.trading,available,19.99,,64,7,16,name.com,,
186f94f1-da1b-4d2c-8aa6-1df2954cdc2d,wordplay.trading,available,19.99,,72,10,9,name.com,,
18826fbf-5b9b-44c8-9a3b-310bafe6d204,pickupline.trading,available,19.99,,76,2,12,name.com,,
18868fe3-3908-4e67-8dd3-ee9a9efd1b15,aliehasnolegs.trading,available,19.99,,50,1,17,name.com,,
188c1929-5fcb-4332-b453-51a71156fb6b,perspective.trading,available,19.99,,78,28,11,name.com,,
18994fba-64fe-477c-b6b1-a6b1b8558728,constructive.trading,available,19.99,,70,15,12,name.com,,
189d3907-41ce-4c52-8af1-4d1b9def0daa,thisandthat.trading,available,19.99,,48,16,13,name.com,,
18a5bb5d-013d-4bcd-8df3-b8fc4e1f35dc,manyisthetime.trading,available,19.99,,54,1,16,name.com,,
18afc253-ff80-4133-963a-4f48fc59493c,tilldate.trading,available,19.99,,61,1,9,name.com,,
18cf736c-9bbd-4578-850c-7038a40690db,CountyofQueens.trading,available,27.98,,44,1,16,namecheap,,
18d02260-3dfa-4027-a13f-45b66d0fd44b,Ilikepie.trading,available,27.98,,58,2,10,namecheap,,
18ddb850-bde0-4d94-b723-7bbf3fa96c72,taxshift.trading,available,19.99,,60,1,9,name.com,,
18e23bb0-258f-410e-bb30-49d5a3c200e1,William.trading,available,27.98,,74,31,7,namecheap,,
18e73b79-1b3d-418a-8abb-20aa4ad272bc,hairbrush.trading,available,19.99,,76,6,10,name.com,,
18e7f139-275f-4fe1-a456-4af216ca9cb0,postponement.trading,available,19.99,,57,1,12,name.com,,
18e85021-6708-4428-b847-8f57f3ff40b3,Jews.trading,available,27.98,,50,12,4,namecheap,,
18ebffaf-2909-4e15-bf8d-5ed2ce13ef75,emailstorm.trading,available,19.99,,66,1,11,name.com,,
1917f8d0-5079-481e-a30c-fd3b2afedcff,contemplation.trading,available,19.99,,66,6,13,name.com,,
1919869a-664c-4d76-b551-fb71079a4e9c,somuchso.trading,available,19.99,,50,1,10,name.com,,
195e1892-74e1-400e-a9bb-ce88f1a5caed,backsomersault.trading,available,19.99,,50,1,15,name.com,,
196a8667-1dfd-4495-a475-4321238d7953,Frenchlavender.trading,available,27.98,,72,5,15,namecheap,,
196c5fd5-1de4-4082-bfe5-1db2a4414480,signlanguage.trading,available,19.99,,76,8,13,name.com,,
19b82ac5-4453-4da7-a727-3a88bd0ef22f,abided.trading,available,19.99,,70,1,6,name.com,,
19ca3dde-f768-41bd-9956-fb4d12aea434,allseasontire.trading,available,19.99,,72,1,15,name.com,,
19f0eea0-004b-4edc-9813-986c04e4cad1,requirements.trading,available,19.99,,56,9,12,name.com,,
19f0f1f0-7b0d-4bfd-a718-207aaac78b2a,leaveoff.trading,available,19.99,,72,1,9,name.com,,
19f38749-fb75-4890-ac82-741c9357b4ba,intears.trading,available,19.99,,48,2,8,name.com,,
19f518a2-f489-440b-9ba8-cc6733d364ce,Cats.trading,available,27.98,,59,33,4,namecheap,,
19f7034e-76b2-4ec3-a898-3bd2e755cd73,letoneoff.trading,available,19.99,,77,1,11,name.com,,
19fdc07c-b145-49b2-81ef-e43c03fb09c2,TahoeCity.trading,available,27.98,,59,4,10,namecheap,,
19fe8603-df58-431f-a223-e028c94518a2,outandabout.trading,available,19.99,,60,9,13,name.com,,
19fff899-8bbf-4bac-ab51-dbc6f3f35f9e,hairwax.trading,available,19.99,,76,3,8,name.com,,
1a0b1f26-5a2d-42d9-a6b8-b4a6d29ae69c,springsnow.trading,available,19.99,,54,2,11,name.com,,
1a1e604f-1e74-46ec-aa76-6c8ddceb7a16,oddmanout.trading,available,19.99,,69,4,11,name.com,,
1a35346d-bfec-4bf1-8ba4-ff67ce5526e4,asopposedto.trading,available,19.99,,46,1,13,name.com,,
1a3b89d5-9ee2-435e-a1db-25303bb8b502,goalongwith.trading,available,19.99,,70,1,13,name.com,,
1a6e8b20-c07e-4be2-90a2-e930fc14f158,thinks.trading,available,19.99,,64,10,6,name.com,,
1a7177b0-f408-4863-bb1a-b18f8314d3f5,barkeeper.trading,available,19.99,,70,4,10,name.com,,
1a86873a-b4b8-4106-b5f6-aaed53bb8920,cometo.trading,available,19.99,,74,8,7,name.com,,
1a8c784e-1f65-42f4-9496-f8fce38c3e7d,CountyofWilkinson.trading,available,19.99,,42,1,19,name.com,,
1a9a6166-a8b0-4942-b76c-622d8463afd7,lookthrough.trading,available,19.99,,80,4,12,name.com,,
1aaf72af-a73c-4e63-b214-6905ff19efcd,themself.trading,available,19.99,,58,3,8,name.com,,
1ab15ff6-959b-4f10-871b-c9fda3a5a903,takeonboard.trading,available,19.99,,76,1,13,name.com,,
1ac5f94f-a48d-4e1b-bdd2-ddfed39f7922,perceiving.trading,available,19.99,,74,2,10,name.com,,
1ad50ff9-080e-484d-ae24-1f837c536610,hightea.trading,available,19.99,,76,8,8,name.com,,
1ad87273-c00a-43e3-9c8f-d58ba4c55cec,overwhelmed.trading,available,19.99,,48,5,11,name.com,,
1ae0fa44-cbc4-4a05-9319-86b29e20626d,deaths.trading,available,19.99,,50,6,6,name.com,,
1af754a2-29f5-42f0-a032-08da52298ab1,Trumpian.trading,available,27.98,,62,3,8,namecheap,,
1aff4f0a-4a6c-4f24-9520-edf0ddb1e299,howtheturntables.trading,available,19.99,,44,5,18,name.com,,
1b1041b9-7e23-495f-8dcd-aec3b76c06f4,cops.trading,available,19.99,,74,13,4,name.com,,
1b27df68-e6fc-4066-8fe1-c473abb6a888,dubstep.trading,available,19.99,,74,8,7,name.com,,
1b422bf5-ad62-43b6-8db2-3748f2564eac,BlackThursday.trading,available,27.98,,44,11,14,namecheap,,
1b550282-a242-4807-ae3f-c87d7ac0ae80,distribution.trading,available,19.99,,68,18,12,name.com,,
1b55915c-3af9-4f78-9dcc-03f6a367a454,changethegame.trading,available,19.99,,68,6,15,name.com,,
1b573998-0c2d-419c-9302-163ee8c0bc65,wore.trading,available,19.99,,50,7,4,name.com,,
1b6d9dbd-a115-4b6f-9b6e-f64ccae5cbc3,howgoesit.trading,available,19.99,,58,5,11,name.com,,
1b701c39-0a59-4399-9813-abfb6dc29f86,planetarium.trading,available,19.99,,74,10,11,name.com,,
1b7b136d-d21a-43b5-91da-d0db9bfb740e,howmuchisit.trading,available,19.99,,48,6,14,name.com,,
1b7ffe52-e485-44fd-8fd6-2326d2f72220,dotmatrixprinter.trading,available,19.99,,60,1,18,name.com,,
1b82aa35-e881-407a-9e7d-e53b103c6742,datadomain.trading,available,19.99,,52,4,11,name.com,,
1b938331-784c-4c2e-8314-a64375239730,whereabouts.trading,available,19.99,,62,8,11,name.com,,
1b9dc71e-4f95-47ba-9ae0-d2883ef65483,Ichooseviolence.trading,available,27.98,,44,1,17,namecheap,,
1ba0f429-2663-4623-b478-698a5e95341c,takepart.trading,available,19.99,,80,5,9,name.com,,
1bb9cc3e-0b27-4a82-b3d4-33c13a3c99e9,letitalone.trading,available,19.99,,80,1,12,name.com,,
1bbae8ac-104e-4acb-b592-cbcac271086b,backtosquareone.trading,available,19.99,,58,16,18,name.com,,
1bd2aaa6-0b01-4835-8228-33f45e90d4a0,sexlife.trading,available,19.99,,74,6,8,name.com,,
1bd4217c-38a4-4175-b7e4-c805aa168a2d,rests.trading,available,19.99,,52,5,5,name.com,,
1c221e67-4ffa-42d6-b883-9d9aa7b9e733,flashflooding.trading,available,19.99,,52,0,14,name.com,,
1c288115-ce18-4234-b5c9-b4f93693a3b3,hostesses.trading,available,19.99,,56,3,9,name.com,,
1c296332-c3c6-4587-8b22-1663f89d9c50,sitloose.trading,available,19.99,,62,2,9,name.com,,
1c45d025-99b5-4876-80b8-bbef7bca372b,carrie.trading,available,19.99,,82,11,6,name.com,,
1c46c513-618c-428b-bbd6-3dac61e6e485,enterontheboards.trading,available,19.99,,62,1,19,name.com,,
1c4adce6-ea9a-4860-a241-32f7198462b4,cashmachine.trading,available,19.99,,72,6,12,name.com,,
1c5f7136-0a2e-46c6-99d2-df6bad125c1c,hallwaymonitor.trading,available,19.99,,58,1,15,name.com,,
1c603f42-853b-4ed1-ab1b-28b61aa913d3,musts.trading,available,19.99,,57,2,5,name.com,,
1c7c0dd4-6622-48a1-b39b-0ede9fd1e372,shoparound.trading,available,19.99,,80,3,11,name.com,,
1c834d24-13cf-445b-8326-db0c84a64604,WorldFair.trading,available,27.98,,67,3,10,namecheap,,
1cab1ec7-eb67-48ee-bf11-1a54464b0723,advertises.trading,available,19.99,,56,3,10,name.com,,
1cb5fbdd-8ed4-4e99-88b1-a2ac9d2a6ca4,chickenout.trading,available,19.99,,74,1,11,name.com,,
1cf118ff-082a-4d1b-9a6d-2aeb434b435f,letoneloose.trading,available,19.99,,72,2,13,name.com,,
1cf38e2e-f36a-44d6-ab70-7ebf18e01302,getoffthemark.trading,available,19.99,,66,0,16,name.com,,
1d0b313c-5bca-48cd-9594-09bf6d074f9f,swords.trading,available,19.99,,52,10,6,name.com,,
1d22d62f-f1be-493a-b956-b9e45ee31b30,alcoholproblem.trading,available,19.99,,30,1,15,name.com,,
1d285eb7-8d46-48cf-adbd-d0330eaaad4a,rugbyfootball.trading,available,19.99,,68,2,14,name.com,,
1d3cb7a6-1cf4-4155-8529-fdf0acf9634e,leavewellalone.trading,available,19.99,,68,1,16,name.com,,
1d459e7d-cf64-4eff-adb6-9485e6ee5db3,Americanway.trading,available,27.98,,72,4,12,namecheap,,
1d4efde7-86dd-499e-8955-694367ea0a87,youngest.trading,available,19.99,,74,5,8,name.com,,
1d57342e-1c35-4db4-a209-5a8c1055693c,workmanship.trading,available,19.99,,74,3,11,name.com,,
1d6c42ea-25cf-47ab-a635-fe6411bde16b,flourishing.trading,available,19.99,,78,15,11,name.com,,
1d739fb9-c069-4f06-9565-577029a89d69,makefreeof.trading,available,19.99,,76,0,12,name.com,,
1d7b503a-300b-43a8-a070-4df02d7f1e3b,substitution.trading,available,19.99,,73,4,12,name.com,,
1d7eb07b-02c8-4920-b5fd-552f26a44898,Tabascosauce.trading,available,27.98,,57,1,13,namecheap,,
1d85b3a6-9c5a-46a4-a952-90a0a57a4544,plants.trading,available,19.99,,75,23,6,name.com,,
1d8f3ea9-89c8-4c9b-b619-b1d2ecb18e2a,movedown.trading,available,19.99,,70,1,9,name.com,,
1d9088e2-10bc-48ac-81b7-cf243e1d45e7,exchanges.trading,available,19.99,,50,11,9,name.com,,
1da44491-5fb0-43a5-a5e2-8203aee2cf0e,Westminster.trading,available,27.98,,70,12,11,namecheap,,
1da64748-19cc-4877-bab7-b70e018aeb86,pubichair.trading,available,19.99,,61,4,10,name.com,,
1dbe6414-5710-4609-835d-55dbc59ddc48,putintowords.trading,available,19.99,,66,1,14,name.com,,
1dccd96b-44f7-4d1a-9606-5de75778adec,waxpaper.trading,available,19.99,,66,2,9,name.com,,
1dce45bc-9603-4a84-9a26-4a40ce893083,WestCoast.trading,available,27.98,,70,21,10,namecheap,,
1dcf8aa6-26c1-4885-8a29-88aa2d34885d,makeright.trading,available,19.99,,78,9,10,name.com,,
1de15b15-a0f2-4d2c-a369-5ae61c2ec650,McMuffin.trading,available,27.98,,86,2,8,namecheap,,
1deeb979-82b9-48ce-822f-5a814d1da3b8,teastrainer.trading,available,19.99,,77,1,12,name.com,,
1df22a08-6f2f-4c64-a467-06920b4b2b30,behaviouralscience.trading,available,19.99,,66,3,19,name.com,,
1e1738e9-74dd-413a-b583-391a5ece414a,Ispin.trading,available,27.98,,76,5,6,namecheap,,
1e271488-f987-453a-8506-f25e6e115c77,lookupanddown.trading,available,19.99,,50,2,16,name.com,,
1e2da0b4-0bc3-4442-9158-1be2c5712180,nationalconvention.trading,available,19.99,,62,2,19,name.com,,
1e37643b-6631-4bce-b01a-46af9fe52178,oranything.trading,available,19.99,,44,1,11,name.com,,
1e3dd9da-201b-498e-a2fc-bb4add718693,JusticeLeague.trading,available,27.98,,52,7,14,namecheap,,
1e63b8f6-fed9-421b-8819-493caa9ae664,goviral.trading,available,19.99,,76,17,8,name.com,,
1e719139-78a2-4a90-85f0-67b203d500c0,Romannumerals.trading,available,27.98,,58,2,14,namecheap,,
1e75e249-82c4-4a9b-92e1-e092ccd9201a,Idonotknowit.trading,available,27.98,,50,4,16,namecheap,,
1e7a30bb-920c-437a-a109-bdcf0c5d7806,divineinspiration.trading,available,19.99,,56,1,18,name.com,,
1e801f50-b7d7-4f03-b1d1-618f385e5daf,MiddleAges.trading,available,27.98,,62,3,11,namecheap,,
1e82f4c3-1d4a-4703-a907-03e91b77332b,justifications.trading,available,19.99,,44,1,14,name.com,,
1e83d176-e3a5-459d-ab49-a01ce9a06f7b,manyandvaried.trading,available,19.99,,46,1,15,name.com,,
1ead3006-f17b-4df2-bc80-2d1b2f49f918,onethird.trading,available,19.99,,44,16,9,name.com,,
1eb25924-0124-430e-bbd6-1cbc95d7d9e4,dragrace.trading,available,19.99,,82,4,9,name.com,,
1eb8cd1b-1be3-4d95-87be-27e6aaa8b2ff,gowithGod.trading,available,27.98,,68,2,11,namecheap,,
1ebab8b8-99bc-475f-938a-40dd7fafb1fb,takingaway.trading,available,19.99,,50,1,11,name.com,,
1ec2ff98-448e-40cf-bb12-8052b63faa1d,structurally.trading,available,19.99,,48,3,12,name.com,,
1ed1e37f-7858-4609-8d3f-b27cbf8b50c8,surprises.trading,available,19.99,,64,4,9,name.com,,
1eddccc1-5ac3-4e6b-8323-ee7ebc4a56bd,onceforall.trading,available,19.99,,52,10,12,name.com,,
1eea2175-ebce-473f-9807-5d661c4b0513,visited.trading,available,19.99,,76,6,7,name.com,,
1efdf45e-3b71-406b-832d-ecb8b23ab44b,anybudy.trading,available,19.99,,62,1,7,name.com,,
1f04d2b4-988d-461d-8189-fa776119df2f,Iwouldratherdie.trading,available,27.98,,44,1,18,namecheap,,
1f158184-d3f0-4fa1-b035-3739059a5aee,howlong.trading,available,19.99,,58,9,8,name.com,,
1f1954ea-73bf-463e-a949-2eea74e516c0,computers.trading,available,19.99,,68,19,9,name.com,,
1f21a877-d88e-4ecd-ac28-8d1a70698cde,spacetravel.trading,available,19.99,,82,28,12,name.com,,
1f2a517c-ab6a-4a20-99ac-0135265125b8,meandthee.trading,available,19.99,,48,5,11,name.com,,
1f2e02b2-f115-4c5b-a76f-f90cf7892f92,mydearfellow.trading,available,19.99,,49,5,14,name.com,,
1f32af98-0ecc-4ccb-be20-55eac923bb50,satfat.trading,available,19.99,,66,1,7,name.com,,
1f3ce7d7-7f6a-4c4b-aa64-36e1d1c90c11,factories.trading,available,19.99,,54,7,9,name.com,,
1f49a5a9-53f1-431b-b0a5-57bb1bca7da3,warofwords.trading,available,19.99,,66,3,12,name.com,,
1f55d650-7cd4-4e07-91d6-1a7a8790b7d5,keepdown.trading,available,19.99,,68,1,9,name.com,,
1f5c3b98-4706-444c-8aa5-7c3a585192dd,establishmentgrowth.trading,available,19.99,,60,0,20,name.com,,
1f61f06b-87bd-4c19-a381-e2b7918426ac,nowonder.trading,available,19.99,,78,3,9,name.com,,
1f6a7550-f56e-4f47-b715-bb6843570325,pissabout.trading,available,19.99,,59,1,10,name.com,,
1f790425-9af0-44dc-b2fd-14dfdca0abe6,tightenup.trading,available,19.99,,79,1,10,name.com,,
1f88029a-a568-4744-b3aa-dd72337e4374,RoyalMail.trading,available,19.99,,76,12,10,name.com,,
1f9470f2-77e3-42f2-a761-573be4a49811,contemplating.trading,available,19.99,,42,3,13,name.com,,
1f9e5e01-adaa-4277-9125-a4ecdae2fdfd,assemblyline.trading,available,19.99,,66,5,13,name.com,,
1fdfef6d-285a-4b98-9ce8-93647c8c9259,generalrank.trading,available,19.99,,50,1,12,name.com,,
200658e1-9262-48b2-99b1-115249f72dd4,persistence.trading,available,19.99,,72,12,11,name.com,,
20073be2-448d-4bce-a3ff-00b485211ea2,Frenchthyme.trading,available,27.98,,74,1,12,namecheap,,
200f98cc-f270-460a-8ad1-e1281cead661,writes.trading,available,19.99,,56,9,6,name.com,,
2038d34c-64da-48c9-95b7-9a8d870d85cf,seized.trading,available,19.99,,54,11,6,name.com,,
203eb2b0-0cac-40fe-8db4-17bbf22b8b26,getoffeasy.trading,available,19.99,,58,1,12,name.com,,
204e51bf-4ef9-4ee3-ad5b-e06a77ad1269,reckoned.trading,available,19.99,,50,1,8,name.com,,
20577c6c-7d8d-41dc-835a-fd1907ab3f93,Rhoda.trading,available,27.98,,69,5,5,namecheap,,
205e7d18-2cef-4340-812d-0fda63749a20,actors.trading,available,19.99,,60,14,6,name.com,,
2062b56e-94c0-43e0-a07e-dd60966e7473,nowhearthis.trading,available,19.99,,44,2,13,name.com,,
2065dace-8726-44dd-afd3-cb81068721ea,payoff.trading,available,19.99,,70,8,7,name.com,,
2075823c-81da-49ed-b130-20b7f36790f1,letsgo.trading,available,19.99,,57,31,7,name.com,,
20866ffa-d6f2-41c7-a961-b1e2d686afb0,toeachhisown.trading,available,19.99,,58,1,15,name.com,,
208da4f8-a415-4c55-94ad-5e7a9b3c6f36,filed.trading,available,19.99,,48,7,5,name.com,,
20a4d7f1-e79a-4e3c-90ed-73d02457200e,postcards.trading,available,19.99,,50,11,9,name.com,,
20c17813-0698-4a7d-bffd-c3314c8e217a,gooutlikealight.trading,available,19.99,,62,1,19,name.com,,
20c7d52d-5292-4dd5-a392-a8931b13ebc0,getoveron.trading,available,19.99,,72,1,11,name.com,,
20cf6bb8-ebb8-43c3-8eaf-5ba27b48fb65,Frenchmustard.trading,available,27.98,,72,1,14,namecheap,,
20e0235b-38a0-4bf2-8716-37ad8ead28ba,peas.trading,available,19.99,,51,10,4,name.com,,
20ee20a4-8138-48a6-b468-e888e75eef70,inwithashout.trading,available,19.99,,60,1,15,name.com,,
20f19b69-f2e8-4387-a415-af57715bed66,shadows.trading,available,19.99,,54,16,7,name.com,,
20fcc4af-fc29-4dfe-ad21-3da17842bb17,requires.trading,available,19.99,,58,4,8,name.com,,
21209cd6-e062-4914-b701-46ca5a6d46c8,stepup.trading,available,19.99,,78,19,7,name.com,,
2121f488-e956-44d5-953d-72d1fc842f54,justyouwait.trading,available,19.99,,46,1,13,name.com,,
2125f15a-bcdc-4ff0-9fed-3ad02777010d,goAWOL.trading,available,27.98,,46,2,7,namecheap,,
2128ddea-06a9-474f-924f-0120c67e3e52,superuser.trading,available,19.99,,76,12,9,name.com,,
212e60b3-38d7-4017-930a-65e5889248b9,uploadability.trading,available,19.99,,60,1,13,name.com,,
2146ba2a-d244-4d63-8b0a-60a797a79718,stayathome.trading,available,19.99,,68,7,12,name.com,,
21801bdc-e869-48b5-a12c-f4960076416d,intight.trading,available,19.99,,50,1,8,name.com,,
21ab9f3b-d790-4b7d-b377-eb77b3a27938,characteristics.trading,available,19.99,,52,3,15,name.com,,
21c189a8-a1c9-4814-8110-e2e52424ff21,burgerbun.trading,available,19.99,,86,1,10,name.com,,
21c3fad3-5eeb-4d16-aa65-73a007c49de1,threats.trading,available,19.99,,44,8,7,name.com,,
21c918ac-3886-4713-9b6c-b6a2eddeaf9b,Volkswagen.trading,available,27.98,,86,27,10,namecheap,,
21d4af75-6292-4bd9-b66a-be11fa92abd4,howtheheck.trading,available,19.99,,48,1,12,name.com,,
21db1d25-9496-44a6-8a3f-7425e0c713d5,closeofbusiness.trading,available,19.99,,70,1,17,name.com,,
21f70d51-65fe-4751-aaa9-ab76c1a6171b,ponders.trading,available,19.99,,54,5,7,name.com,,
22057e2c-e4cf-435e-880d-752a11d12fa6,differences.trading,available,19.99,,52,4,11,name.com,,
220ceb50-4c61-4f63-aa3f-47c014a5fe2d,ballplayer.trading,available,19.99,,74,3,11,name.com,,
22283865-88ca-4755-8cb6-473c1db5b017,rights.trading,available,19.99,,50,19,6,name.com,,
222fb043-2b00-4cbf-9829-42ef81475572,manyatime.trading,available,19.99,,54,1,11,name.com,,
224e9563-e5db-48a7-ac13-33aa4613b8b9,goodenough.trading,available,19.99,,76,18,11,name.com,,
2254c221-0993-4a7f-a4e6-efda9d0a1f7a,gettothebottomof.trading,available,19.99,,66,1,20,name.com,,
2255c1ac-e1e8-46e5-bab1-db0823ead69c,Xmastree.trading,available,27.98,,78,3,9,namecheap,,
2261ba98-04fe-4baa-8d43-420438b1f00b,thehardway.trading,available,19.99,,52,6,12,name.com,,
22711c42-91ec-4f21-840e-da61c89fa9d7,transitions.trading,available,19.99,,56,14,11,name.com,,
22787aa2-4356-42c4-a3c7-7cffb2eb094f,highquality.trading,available,19.99,,72,8,12,name.com,,
2290745b-47c2-4ffc-ba13-175f9de2f013,makeone.trading,available,19.99,,76,4,8,name.com,,
229501b9-331c-41c9-b22b-9ea903b22258,mobmentality.trading,available,19.99,,52,2,13,name.com,,
22a06fd7-b75b-4af8-b887-06a717c663e2,setthestage.trading,available,19.99,,66,3,13,name.com,,
22a0ea1e-80aa-4054-bbe3-e589ba7e15a0,populations.trading,available,19.99,,50,4,11,name.com,,
22a11888-5b97-4c3f-8fa3-d1fdc2901f23,getridof.trading,available,19.99,,79,3,10,name.com,,
22b45fee-2687-49c0-8972-13818a21ef3b,onthemove.trading,available,19.99,,72,10,11,name.com,,
22b609e7-29aa-47aa-b712-5fc90055f45b,appreciation.trading,available,19.99,,88,13,12,name.com,,
22d431c4-6fcb-424b-ae45-f02b56d3ed7d,hookups.trading,available,19.99,,74,9,8,name.com,,
22df3287-04a4-4f0c-b387-87df172d238c,tended.trading,available,19.99,,50,7,6,name.com,,
22fc1965-afa4-4827-a73c-934eafad9723,proxymurder.trading,available,19.99,,36,1,12,name.com,,
22fd8a7f-7402-44da-898b-b46cb826a8dc,herbalmedicine.trading,available,19.99,,70,4,15,name.com,,
22fee3e8-0f16-44b4-afb0-f0b14d1f0c79,Streets.trading,available,27.98,,70,16,7,namecheap,,
2324f460-872d-4cc1-8108-59d0d5df1a5d,thisway.trading,available,19.99,,67,12,8,name.com,,
2327e7f8-ea01-4728-922b-1b4bff89af63,snakeoil.trading,available,19.99,,63,15,9,name.com,,
233933a5-5350-4ab4-95a1-716fc7bc2f4f,addresses.trading,available,19.99,,56,7,9,name.com,,
2342836e-c922-4b0e-8824-9085f4d33239,gettogether.trading,available,19.99,,82,8,12,name.com,,
23529572-cfa6-4359-9d7b-f475cce8d93e,oatmealcake.trading,available,19.99,,80,1,12,name.com,,
235c274c-03d6-4ae2-9299-8e00d3653012,ifyouaskme.trading,available,19.99,,53,1,13,name.com,,
235e45ed-0259-406b-8d23-5870354ff84b,ratings.trading,available,19.99,,53,19,7,name.com,,
2364417d-dfad-4334-b45f-f02ba02aae16,howsayyou.trading,available,19.99,,52,1,11,name.com,,
23716597-e3ec-4f60-a2de-16e51af0b400,accountreceivable.trading,available,19.99,,62,1,18,name.com,,
23836014-af7c-4362-86dc-a1f4e6237f57,ribbons.trading,available,19.99,,56,9,7,name.com,,
238682d1-8c9a-45a3-a1d4-e8d2a6059f52,shakehands.trading,available,19.99,,85,9,11,name.com,,
238a8d28-52c8-46b7-ba36-27494c9ef006,manytoone.trading,available,19.99,,68,2,11,name.com,,
238c5676-b1f0-4fbe-933e-4060da252183,pads.trading,available,19.99,,68,10,4,name.com,,
2390857d-065d-4430-92cf-c181af58c518,WorldWarIII.trading,available,27.98,,48,3,13,namecheap,,
2397284a-ff5c-4b69-a0c3-2b17423167d4,officehours.trading,available,19.99,,75,10,12,name.com,,
239f2517-3d47-41a8-bb54-b32e48982403,aboveground.trading,available,19.99,,64,5,12,name.com,,
23a346dd-85ae-4208-ba80-776a32051634,wastebasket.trading,available,19.99,,72,2,11,name.com,,
23a9e2ae-6dd2-42e6-97b2-b1d82fe2eca2,comeinuseful.trading,available,19.99,,68,0,14,name.com,,
23aa07b1-d6af-434f-8e04-95eb18189757,prosecution.trading,available,19.99,,68,9,11,name.com,,
23ad9b70-97a0-40ac-906f-7aae0aa5daca,WikiLeaks.trading,available,27.98,,53,13,9,namecheap,,
23dd7ce1-3acd-4b57-8b8b-93bceabc31a2,occurring.trading,available,19.99,,70,2,9,name.com,,
23e7a531-3ad8-4285-a8a9-b989b0139373,chickenfriedsteak.trading,available,19.99,,72,1,19,name.com,,
2411e33e-d6dd-4f92-97a1-e53a1b9bc31a,refundable.trading,available,19.99,,74,3,10,name.com,,
24177d6c-43e6-4994-afb0-983349c6c5a7,gaspowered.trading,available,19.99,,64,1,11,name.com,,
24297c53-bb51-4507-9159-10814c3b8aad,makeme.trading,available,19.99,,56,13,7,name.com,,
2431a120-c983-4c2f-b4b0-22c8937da894,howlatthemoon.trading,available,19.99,,66,7,16,name.com,,
2444fe3b-8a42-45a7-b2ea-1d948c4c77e3,alltheway.trading,available,19.99,,64,13,11,name.com,,
246099d2-4fec-482e-989b-579fbc82af4f,getoninyears.trading,available,19.99,,44,0,15,name.com,,
24735572-a0c5-49ed-bf48-b8bec43923ba,justrewards.trading,available,19.99,,56,3,12,name.com,,
24940cf6-1f3f-4d0e-ad5c-201c9bb6f3e9,plasticsurgeon.trading,available,19.99,,72,9,15,name.com,,
2499d89c-3cd9-4df6-bce2-1804261fbc4c,businessventure.trading,available,19.99,,72,3,16,name.com,,
249a2d96-8973-4553-a217-059c5edb7b11,quitting.trading,available,19.99,,54,4,8,name.com,,
249e087c-9672-4907-a53e-ff4181d6fb76,gobothways.trading,available,19.99,,72,4,12,name.com,,
24a39778-4bf1-4928-9aad-60ce71a22cf6,honeymoons.trading,available,19.99,,64,6,10,name.com,,
24ae6581-a76d-469e-9fe7-a24c1a3534fd,longhaired.trading,available,19.99,,63,2,11,name.com,,
24bda9f2-1066-45e6-ad3d-fda8d08c3c20,reservations.trading,available,19.99,,50,17,12,name.com,,
24c0dd1c-8571-4898-95d5-7667cab6d432,systematically.trading,available,19.99,,52,2,14,name.com,,
24c619b5-a612-423a-a3c8-afd5b889f9a9,BlackFriday.trading,available,27.98,,74,29,12,namecheap,,
24d1989f-ce60-46b3-9e0a-4b546e04c1cd,tomboy.trading,available,19.99,,76,16,7,name.com,,
24d52aba-cd15-49c5-8471-ea95587bfb3a,brands.trading,premium,250,,62,28,6,name.com,,
24d7ae92-9825-40aa-a92d-9ff3805498c7,midautumn.trading,available,19.99,,80,2,9,name.com,,
24dd23cf-230f-4bf9-bc83-717b24601923,blackmailing.trading,available,19.99,,58,2,12,name.com,,
24f5f84c-a2f5-4419-b62b-635f47b02e75,arrivingat.trading,available,19.99,,50,1,11,name.com,,
24fb118b-5043-4715-98ce-f1ec06c52dc6,reservation.trading,available,19.99,,65,19,11,name.com,,
2508f94a-f848-4884-9fe9-162a4003a5e7,sqft.trading,available,19.99,,72,9,5,name.com,,
250b7dcd-1349-4d1d-8cd5-b97376efcaf0,volunteering.trading,available,19.99,,74,7,12,name.com,,
250bd427-2fd9-4ec5-a6cc-940a2dc1c94b,namedafter.trading,available,19.99,,53,0,11,name.com,,
251bd50d-71f1-4ee0-9a0f-d64887825c41,updates.trading,available,19.99,,54,15,7,name.com,,
25221d53-22a9-4c1e-8e3f-ab96410c9014,exercisebicycle.trading,available,19.99,,66,1,16,name.com,,
253a428e-ba5e-44f3-9879-4b72593e456a,IsleofSheppey.trading,available,27.98,,52,1,15,namecheap,,
255560d1-0d07-49f9-85a0-d54cbfa7b8cc,hosts.trading,available,19.99,,52,18,5,name.com,,
255d4058-f5fb-4397-b9e3-db31097cac13,summertire.trading,available,19.99,,80,1,11,name.com,,
258c21fb-e9f0-4387-b0c3-9db68ed422de,asoftenasnot.trading,available,19.99,,40,1,15,name.com,,
25998b54-b680-4423-89a2-a986747c8018,wrinkles.trading,available,19.99,,55,4,8,name.com,,
259a594d-1a28-44f9-b7a0-8d17236b7f95,daydreams.trading,available,19.99,,62,10,9,name.com,,
259c8641-0cf2-439d-bcc6-613e4c49e12a,blooddonation.trading,available,19.99,,78,2,14,name.com,,
25a19144-c6d6-442d-9663-89bea9d28505,commonknowledge.trading,available,19.99,,72,5,16,name.com,,
25ad0f20-6d85-41d8-a904-e36801dcc636,teamsport.trading,available,19.99,,73,7,10,name.com,,
25c15642-2281-4a8b-8996-1a614a10ea8d,contrasting.trading,available,19.99,,71,2,11,name.com,,
25d75e9b-ffed-4098-8688-45ab03ba2fed,Ihavediabetes.trading,available,27.98,,50,2,15,namecheap,,
25f45875-f459-4d84-ba71-548c7d87d985,upperlip.trading,available,19.99,,52,1,9,name.com,,
25f4cf33-dd49-4384-84ed-61fbf062cbb7,StFrancis.trading,available,27.98,,72,6,11,namecheap,,
25ff16bb-b202-4492-bcb9-ac2d13a21e77,nailed.trading,available,19.99,,58,6,6,name.com,,
26151965-88a4-4fa6-85ee-f84fa59e7acf,throws.trading,available,19.99,,52,5,6,name.com,,
26188859-be27-4d5c-810a-ef37cb3feab4,crimes.trading,available,19.99,,64,11,6,name.com,,
2626e9c1-fcf0-49e4-a926-0f67e22d6152,wintertire.trading,available,19.99,,76,1,11,name.com,,
26435c4a-1158-45a9-b370-4262b6ddba7e,sportsbar.trading,available,19.99,,84,8,10,name.com,,
265de2ce-44b8-4c9e-a649-4b0db1e876e6,drapes.trading,available,19.99,,76,5,6,name.com,,
265feffe-f7ef-4175-a6e8-8f022f89cd1d,whenever.trading,available,19.99,,49,7,8,name.com,,
2665edb5-7add-4fa2-8ec0-cd729a5c9eba,standingout.trading,available,19.99,,62,2,12,name.com,,
267f9a91-34ba-4349-bf0d-56c49e28e477,shall.trading,available,19.99,,76,16,5,name.com,,
268b9440-7f50-4cba-ac4c-52bb6e728434,distinction.trading,available,19.99,,80,11,11,name.com,,
269b29b4-5cc3-43df-91b0-a7f12c45567c,overs.trading,available,19.99,,49,6,5,name.com,,
269b516c-f954-4333-be7b-5e094ee9835b,Ijustworkhere.trading,available,27.98,,50,2,16,namecheap,,
269be158-3f24-4383-9768-f22f3e7585c4,freshasarose.trading,available,19.99,,62,3,15,name.com,,
269d4ae3-4238-4237-81ea-9a38f6d21cb2,streetcrime.trading,available,19.99,,58,4,12,name.com,,
269dc086-983e-43e1-9013-02db4a05000b,generalstudies.trading,available,19.99,,72,1,15,name.com,,
26a87f11-44b5-4a3c-8805-1e495d3c7949,primarycare.trading,available,19.99,,81,11,12,name.com,,
26acde81-e806-4b84-95e6-57be54b44fa0,coffeesugar.trading,available,19.99,,62,0,12,name.com,,
26b1e03c-4ec2-4f85-8ee6-0e68ca47eb4c,plays.trading,available,19.99,,56,16,5,name.com,,
26d054fe-3cbb-4e83-a35f-d838f0dd071e,surfaces.trading,available,19.99,,54,14,8,name.com,,
26d0d658-c338-4011-9d1f-d337e898fd16,teeheehee.trading,available,19.99,,88,1,11,name.com,,
27010860-b219-4dfc-8f3a-7106181d839e,theories.trading,available,19.99,,58,6,8,name.com,,
271f62de-770d-4de3-883a-d8145c64facc,professions.trading,available,19.99,,50,6,11,name.com,,
27240f78-cd5a-48a9-b861-ed6ce38c9901,Godgiven.trading,available,27.98,,70,5,9,namecheap,,
27307e21-eb72-48d4-b739-8e228c850897,principles.trading,available,19.99,,58,27,10,name.com,,
273c8e95-d5df-4e26-9e51-47129c2abe6e,PubMed.trading,available,27.98,,72,7,6,namecheap,,
2755c780-53ef-48ec-956f-3d8e3d6b7a7e,sources.trading,available,19.99,,48,14,7,name.com,,
276b1eb5-536c-4e4c-b5b4-87e4b2640d61,springfor.trading,available,19.99,,72,0,10,name.com,,
27885f87-7af4-4c92-81ea-b5f02c611ff2,workoff.trading,available,19.99,,76,3,8,name.com,,
279ba2e5-cff0-43dc-a61e-90f752500bbd,arbitrarily.trading,available,19.99,,56,1,11,name.com,,
27af8f9b-1a0d-4c2f-bab0-4c54e36ae585,bedofroses.trading,available,19.99,,74,6,12,name.com,,
27b1bfa9-a2d6-4560-b7b6-616ea391131a,filets.trading,available,19.99,,66,2,6,name.com,,
27b55194-358e-4381-8bfb-d45421ebb3b1,onemoment.trading,available,19.99,,84,7,10,name.com,,
27b6e2d0-d20d-4763-9b75-a853a745b94a,reads.trading,available,19.99,,54,10,5,name.com,,
27b862a5-f9f1-489d-a95d-dafff80c2873,ifyouwill.trading,available,19.99,,61,2,11,name.com,,
27c7bf44-3132-40ed-8ffa-b23995ef89d9,commontime.trading,available,19.99,,68,4,11,name.com,,
27caa332-9b03-435a-b13c-e9d817c6689f,havethebestofit.trading,available,19.99,,68,1,19,name.com,,
27d63021-ce9c-4129-8314-a970b71ab99c,AlbertEinstein.trading,available,27.98,,90,6,15,namecheap,,
27d766bd-a39c-44e2-b7e0-42228e6490ac,letsomeonego.trading,available,19.99,,69,1,14,name.com,,
27dad997-ec69-4317-9870-fbd8adbff62a,majoritycouncil.trading,available,19.99,,48,1,16,name.com,,
27eafba8-4c20-419f-9349-db6dd475f006,CountyofYoung.trading,available,27.98,,42,1,15,namecheap,,
27ee55ee-3643-4bfd-8c07-2211efef1bd7,cometolife.trading,available,19.99,,80,3,12,name.com,,
27f0721b-f567-4177-a708-147ab7c4057f,insteadof.trading,available,19.99,,52,4,10,name.com,,
2822d9b2-8356-448d-8d28-4f1b1d0c698d,fastgrowing.trading,available,19.99,,72,3,12,name.com,,
2834a744-743d-4206-9873-ea7b78460895,getonto.trading,available,19.99,,74,3,9,name.com,,
2851bec3-9309-4e21-bbe0-123b4b4e6e00,rarer.trading,available,19.99,,52,3,5,name.com,,
2884be7b-fddc-43ee-9783-e94965544b0c,breakroom.trading,available,19.99,,70,7,10,name.com,,
28861cf8-043b-4a4e-a24b-f3534415d127,putoutof.trading,available,19.99,,49,0,10,name.com,,
28869681-0c79-440c-afcb-370d3cc97222,makebelieve.trading,available,19.99,,76,9,12,name.com,,
2895506b-ddf6-4fb4-878a-dc89ebc36c7a,Frenchicecream.trading,available,27.98,,72,1,16,namecheap,,
28956fa5-1b2f-44d5-abb2-e6664d8d2848,howdoyoulike.trading,available,19.99,,52,5,15,name.com,,
28a547af-a781-48ee-9906-f4c1ef4c2199,stagingarea.trading,available,19.99,,68,4,12,name.com,,
28b55ad4-cab5-40fd-8e04-3482931d8feb,amplifies.trading,available,19.99,,56,2,9,name.com,,
28bfd76f-f31d-432c-8502-1f8fc18c9aff,LordofChristmas.trading,available,27.98,,54,1,17,namecheap,,
28bff924-4ca4-4b63-b342-4f2ed4541b34,pours.trading,available,19.99,,46,5,5,name.com,,
28c0a1fe-17f2-48ad-8769-4b3e9ea5a666,multipurpose.trading,available,19.99,,54,4,13,name.com,,
28cb22ba-7167-48b4-a72a-8365c6ad3cc7,clearthetable.trading,available,19.99,,64,1,15,name.com,,
28d43f5c-50ac-4bf6-9d5b-d3b18c67e1bb,grassrootsdemocracy.trading,available,19.99,,66,1,20,name.com,,
28d51b7d-d4a8-4b5a-8409-642f23f0cfe3,officelandscape.trading,available,19.99,,68,1,16,name.com,,
28d8d023-92b5-40bd-a346-afc1879f918a,smarts.trading,available,19.99,,67,16,6,name.com,,
28e685f5-df2f-470a-98d3-48340289011c,talkedabout.trading,available,19.99,,66,1,12,name.com,,
28f69ea6-c02c-4d65-92da-7677b0d8001f,privatesector.trading,available,19.99,,64,2,14,name.com,,
28f9ba3c-3e7a-4bd9-88e6-44029c461e17,Europeanhedgehog.trading,premium,,,64,1,17,,,
2907baac-a253-4722-9fc2-6b5bd0648bb2,Carribean.trading,available,27.98,,80,3,9,namecheap,,
2913fc0b-8e18-468a-9d5d-cfeef201ab5b,makesenseof.trading,available,19.99,,52,1,13,name.com,,
29192487-b202-4478-b21b-c1a8db3ee36b,motherfuckah.trading,available,19.99,,66,1,12,name.com,,
2929d549-6cc4-48c4-972b-6a50d24c1e31,cheesefood.trading,available,19.99,,68,1,11,name.com,,
292f6548-e4b9-4800-967c-83260988274f,safesex.trading,available,19.99,,78,8,8,name.com,,
294288f2-4ecb-4c69-8a19-898642bbe0b9,BlackPlague.trading,available,27.98,,56,12,12,namecheap,,
296bdaff-e51b-4eb7-ae39-bdb1ff9a3b9f,gaslighting.trading,available,19.99,,68,6,12,name.com,,
2972c43c-7456-4fcd-b518-3ee61d391832,butif.trading,available,19.99,,44,1,6,name.com,,
2973436f-b592-4171-9034-0faef1ec5fe4,screens.trading,available,19.99,,54,13,7,name.com,,
2997ac45-6b5b-4632-a1bc-2193e4d49810,goitalone.trading,available,19.99,,74,1,11,name.com,,
29ae4957-8917-46e3-a1bf-1b6e4cddfa22,coffeemaker.trading,available,19.99,,80,6,12,name.com,,
29b10648-aeb8-49bd-99a8-aad080534328,counted.trading,available,19.99,,58,5,7,name.com,,
29bf2cd6-3587-4ddb-9c82-e77dd9e5f135,replacement.trading,available,19.99,,70,9,11,name.com,,
29d09b0a-b75d-45df-a3b2-bb5198ee451b,privateeye.trading,available,19.99,,53,4,11,name.com,,
29d360fd-5fd5-4d69-b271-7f5af5960b51,transportation.trading,available,19.99,,66,20,14,name.com,,
29d3cb0f-7418-4311-9c90-de58a057c0ed,changes.trading,available,19.99,,54,22,7,name.com,,
2a275677-b682-4086-a688-8135f3df50e1,teams.trading,available,19.99,,62,32,5,name.com,,
2a322e71-682f-4e4e-82c0-0a09b9d24b2b,comerainorshine.trading,available,19.99,,52,2,18,name.com,,
2a45ce6a-fbca-4700-ad53-ea272c8cf997,onthespot.trading,available,19.99,,68,10,11,name.com,,
2a635ec6-3486-4b3d-8859-a58ea37b789a,eachtotheirown.trading,available,19.99,,46,1,17,name.com,,
2a81cfb4-f0a9-405d-9a25-46fe2c6a1f85,Cathy.trading,available,27.98,,66,14,5,namecheap,,
2aaff812-67d6-42fa-a760-2ddec408b7b7,Liam.trading,available,27.98,,81,32,4,namecheap,,
2ab5cb58-9b9e-46fe-b9a3-37bb33153a7b,neighbors.trading,available,19.99,,63,17,9,name.com,,
2ab8d9d3-ebd4-4be5-a28f-6dd9ea9ec143,mosquitoes.trading,available,19.99,,42,4,10,name.com,,
2ac1c841-efcd-4246-8975-298fbd051e87,alternativerock.trading,available,19.99,,72,1,16,name.com,,
2ac907fb-2677-4ea0-9d71-1d77c9305ee7,giveway.trading,available,19.99,,68,14,8,name.com,,
2aeb9ac3-277a-463f-b449-7741bec11a06,intune.trading,available,19.99,,72,16,7,name.com,,
2af52d8c-dd24-465e-8636-cb385898f3b9,luckystreak.trading,available,19.99,,80,5,12,name.com,,
2af8e449-890e-443d-865f-be233b80fb63,Scotchtape.trading,available,27.98,,80,2,11,namecheap,,
2af9ff96-544c-452d-93c2-2f4c9d6b6c7e,providingthat.trading,available,19.99,,46,1,14,name.com,,
2b06adbe-5578-4d90-adeb-5919f7928804,gaslighter.trading,available,19.99,,68,2,11,name.com,,
2b1edc67-feca-42a6-8ef4-6636b1b144f8,WestVirginia.trading,available,27.98,,52,20,13,namecheap,,
2b20ea52-5c0d-4392-8a9d-5d6a10195f25,silotruck.trading,available,19.99,,68,0,10,name.com,,
2b389caf-e75a-470e-8a10-cb72c1fda8d2,guestchair.trading,available,19.99,,72,1,11,name.com,,
2b415f5e-5ad4-461c-bcad-1c0647f5d1c2,communities.trading,available,19.99,,68,19,11,name.com,,
2b515646-bb98-4b77-ac09-1597bbd4d759,databaseanalyst.trading,available,19.99,,64,1,16,name.com,,
2b6a85ff-250d-481f-b61b-6c183861a689,matrixgroup.trading,available,19.99,,68,6,12,name.com,,
2b71d085-6239-42df-9c3b-f65c949ff0cf,CountyofWilkin.trading,available,19.99,,42,1,16,name.com,,
2b89d89e-750f-4f17-b6e9-9d813e7e169f,engines.trading,available,19.99,,58,11,7,name.com,,
2ba58321-5312-4737-9fa0-52dc4690bf82,radios.trading,available,19.99,,55,13,6,name.com,,
2bb4acaf-d8fb-467b-8195-80b2d8109f44,reached.trading,available,19.99,,62,7,7,name.com,,
2bb5fb18-e5cf-4ddf-b370-e2b00d7dfe95,MardiGras.trading,available,27.98,,78,10,10,namecheap,,
2bb629cd-5a27-4d5e-9f2a-ce435104d19f,pinging.trading,available,19.99,,70,3,7,name.com,,
2bb96b41-1673-4cd9-ac3f-e5f5940971c9,recognisable.trading,available,19.99,,80,1,12,name.com,,
2bba0fdc-b567-4631-b4c3-3a3c578211db,speedlimiter.trading,available,19.99,,62,2,13,name.com,,
2bbb1f58-7b80-40f3-83e8-34586e39cf6c,lightuparoom.trading,available,19.99,,80,5,15,name.com,,
2bbe94cc-ceb6-40b8-a248-4c9e76c04d89,putitabout.trading,available,19.99,,69,1,12,name.com,,
2bc5b878-aae0-45e7-b654-668ad8b8041c,allovertheboard.trading,available,19.99,,42,1,18,name.com,,
2bcda372-ae2c-4b9b-b232-008ef44f44a3,keepscore.trading,available,19.99,,74,5,10,name.com,,
2be5cdb3-7f25-4499-85de-ef064315bdaa,gets.trading,available,19.99,,60,15,4,name.com,,
2bedc079-0a79-4042-ae4e-20a8a64eeda8,magnifyingglass.trading,available,19.99,,69,1,16,name.com,,
2c040c9a-7027-4e09-8d8c-993f61ef68a0,sailorboy.trading,available,19.99,,56,8,10,name.com,,
2c1a7ec3-c4fc-4708-adad-0a54de956e8b,therewego.trading,available,19.99,,56,2,11,name.com,,
2c282c7e-907c-4022-8cf7-728633d2db2a,results.trading,available,19.99,,59,22,7,name.com,,
2c4188a3-7f12-4e82-b450-183470ca612f,wrote.trading,available,19.99,,60,6,5,name.com,,
2c4268c1-913e-4876-aa73-70d284f1688c,readfor.trading,available,19.99,,58,3,8,name.com,,
2c5f4ea9-bf33-4f62-bc54-99b819f07104,cometogether.trading,available,19.99,,70,10,13,name.com,,
2c6b0a31-5db3-46ba-86f2-79de9f090895,keypress.trading,available,19.99,,76,5,9,name.com,,
2c845aed-412d-49c4-9409-85a8ce6cef18,Franks.trading,available,27.98,,62,17,6,namecheap,,
2c947ca6-603c-4e7b-acde-80e121734318,goodasnew.trading,available,19.99,,80,3,11,name.com,,
2c987958-778b-4b45-8ee3-463240a6977e,smiled.trading,available,19.99,,66,5,6,name.com,,
2c9d9906-8653-400b-821f-b8b2bd3c85a1,organizations.trading,available,19.99,,44,7,13,name.com,,
2cc074fa-ec79-4df2-b5c8-81fb0d4cee3d,slideshow.trading,available,19.99,,72,8,10,name.com,,
2cd3cd9e-07d9-42bb-8af5-9eb59267f240,finalstraw.trading,available,19.99,,66,2,11,name.com,,
2cec0b7b-1a88-48cf-9aff-a7c381c49652,changethechannel.trading,available,19.99,,62,1,18,name.com,,
2cfdb294-7810-42bd-a719-a7abd544fba0,commonsense.trading,available,19.99,,86,30,12,name.com,,
2d0c38e9-21d1-44f8-92b3-d61303e07179,pops.trading,available,19.99,,74,24,4,name.com,,
2d0c94f6-6035-4edd-aede-09204e14059f,adventures.trading,available,19.99,,64,18,10,name.com,,
2d1ccf77-422c-469f-891d-1d2fc51dc6f5,makesomenoise.trading,available,19.99,,70,5,15,name.com,,
2d22a98a-5369-413c-937c-c10cc92bb3ff,noreally.trading,available,19.99,,70,1,9,name.com,,
2d31153c-b355-47fb-83a2-630880a3a8e5,surroundings.trading,available,19.99,,75,4,12,name.com,,
2d3a1d4f-fd0c-400f-a18d-05b87db7ebac,letwellalone.trading,available,19.99,,47,1,14,name.com,,
2d3ad056-9799-4600-9a36-04610689ee07,DakotaCounty.trading,available,27.98,,52,2,13,namecheap,,
2d3ebada-ad8c-4536-a635-dfb39eef16c2,Nicky.trading,available,27.98,,66,13,5,namecheap,,
2d462f6f-a93f-4d95-a7e5-56fe7f42319b,spongecake.trading,available,19.99,,76,3,11,name.com,,
2d4ae111-d9ab-4e18-ad80-0693f3f86ca2,manages.trading,available,19.99,,56,3,7,name.com,,
2d7b21ca-1c3d-471b-b288-803643392eae,handin.trading,available,19.99,,79,7,7,name.com,,
2d8134e2-724c-4d27-bc55-656190b0fe4c,stages.trading,available,19.99,,57,12,6,name.com,,
2d93901d-b33e-4a44-807d-814f8496fdca,nowhile.trading,available,19.99,,44,2,8,name.com,,
2da30c21-e747-48c0-955e-4603c06438c0,wellmanaged.trading,available,19.99,,60,4,12,name.com,,
2da34bcd-432c-4f30-a4b9-bd7e19754be7,polonecksweater.trading,available,19.99,,69,0,17,name.com,,
2daa2d18-e669-4f38-b702-c1224626d57f,greenpepper.trading,available,19.99,,77,3,12,name.com,,
2dadf87e-a347-4b75-b30c-20568b8f4cfc,pals.trading,available,19.99,,77,16,4,name.com,,
2dae7f45-6f73-4328-9e81-340d1bb8c9b1,privatelife.trading,available,19.99,,78,4,12,name.com,,
2dc5c6fc-a47c-4caa-9d2e-9cea7c70a327,howdiditgo.trading,available,19.99,,52,4,13,name.com,,
2dcf49b5-62b5-42c8-8069-d17d4277893d,ive.trading,available,19.99,,62,16,3,name.com,,
2dd64af8-dcee-4bc2-ac22-1e35f6b3fa92,mahfugga.trading,available,19.99,,66,0,8,name.com,,
2dddad53-0c31-462a-8b54-90d169748774,selfconfident.trading,available,19.99,,64,2,14,name.com,,
2de10df7-487b-4454-ab33-44ac2cca9afa,breastmilk.trading,available,19.99,,74,4,11,name.com,,
2de3d54f-710a-41f2-afb5-b3424abc0406,wars.trading,available,19.99,,48,10,4,name.com,,
2deb47e9-0080-4c62-af26-f4490b8f8bf4,twothumbsup.trading,available,19.99,,54,1,13,name.com,,
2df170f6-e30b-4beb-bf9b-6580000d9f4e,lowback.trading,available,19.99,,66,2,8,name.com,,
2df48151-d7e8-4d0d-9419-c34ff40b0179,inthelongrun.trading,available,19.99,,60,2,15,name.com,,
2df9d899-dca3-4a96-b413-da8f7875d4a6,royalties.trading,available,19.99,,56,9,9,name.com,,
2e04f9ef-4eb3-4950-9a55-13625b7df34f,respecting.trading,available,19.99,,56,2,10,name.com,,
2e08da82-9bed-41a0-a75e-4a15655b061a,poured.trading,available,19.99,,56,4,6,name.com,,
2e0c0f04-d2f8-4e59-9c74-5514491772fb,gotothewashroom.trading,available,19.99,,56,1,18,name.com,,
2e1ce964-9302-4117-bfa8-4f4f3bce2649,thoseones.trading,available,19.99,,41,0,10,name.com,,
2e1d8733-313a-4965-98ea-e86c0f751243,surfacemail.trading,available,19.99,,67,1,12,name.com,,
2e22279e-36c6-4c3b-b8e4-aad0a4e4f51d,provided.trading,available,19.99,,48,3,8,name.com,,
2e38363e-6fa8-4b48-8372-921a601d78a7,affirmation.trading,available,19.99,,82,10,11,name.com,,
2e38fb55-7b83-402a-8eec-2878983909a2,chairs.trading,available,19.99,,54,11,6,name.com,,
2e428add-4957-427e-a9b4-6fb1f5632b14,offerings.trading,available,19.99,,52,4,9,name.com,,
2e489055-5d9b-4195-b7dd-55a4e3f542df,pardonme.trading,available,19.99,,62,4,9,name.com,,
2e753bd4-8610-4014-82ef-2fb8e04262f6,TexasCity.trading,available,27.98,,71,6,10,namecheap,,
2e9515ad-b162-43b5-9323-2ff65bde1a44,lunchmoney.trading,available,19.99,,78,7,11,name.com,,
2e9ba0c1-4665-4ac0-b207-366b5af59a12,pattycase.trading,available,19.99,,68,0,10,name.com,,
2e9d55e4-e39c-4bbd-bef6-93515b5acf55,gototherestroom.trading,available,19.99,,56,1,18,name.com,,
2ea87587-7a5e-4527-81c6-e1a88067bbf8,closeofplay.trading,available,19.99,,66,1,13,name.com,,
2eacc80f-479f-4954-86b4-edd11953e8d3,opts.trading,available,19.99,,54,8,4,name.com,,
2ebf182e-623a-4edc-86e2-6ed326b043d2,underarrest.trading,available,19.99,,62,1,12,name.com,,
2eef9ebb-3330-4ae1-b0e6-cbdde29e622c,closerange.trading,available,19.99,,72,3,11,name.com,,
2eefcb8f-f1a3-4624-8030-c3021cca19a1,styling.trading,available,19.99,,78,11,7,name.com,,
2f0951aa-477c-4642-8df4-95d03ee37220,saveface.trading,available,19.99,,78,5,9,name.com,,
2f0d444a-3f11-497e-abd7-333048801bbc,onsale.trading,available,19.99,,56,17,7,name.com,,
2f16cf97-f9da-4c2d-87fd-950aaf23e721,stories.trading,available,19.99,,58,36,7,name.com,,
2f1f5e18-8ca2-4df5-a3b3-ef38f16bc121,getthrough.trading,available,19.99,,79,2,11,name.com,,
2f31dfb7-6248-46eb-b1a1-7466b4c43781,terracotta.trading,available,19.99,,72,12,11,name.com,,
2f4e60f2-44b3-4049-8156-026464ea7af4,SantaClara.trading,available,27.98,,75,9,11,namecheap,,
2f54bc7c-a8e7-4f8f-8388-df8a7661ee8e,chemicaltoilet.trading,available,19.99,,52,0,15,name.com,,
2f582278-544e-4c73-8b2f-d83eabc5a16f,calls.trading,available,19.99,,50,16,5,name.com,,
2f5c174e-2aa4-420b-8012-e1815d471f2f,jetfuel.trading,available,19.99,,74,14,8,name.com,,
2f6a75c7-4d36-45ac-a489-903bfb9fffae,parties.trading,available,19.99,,58,13,7,name.com,,
2f735180-2e3c-48e0-b4da-b008f47e0488,putonthemap.trading,available,19.99,,66,1,14,name.com,,
2f7c7dbe-6406-4c29-9466-9a68c858f7f1,oneyearold.trading,available,19.99,,78,1,12,name.com,,
2f7d1371-490e-405f-8c9c-f1217e71b330,Philadelphia.trading,available,27.98,,78,16,12,namecheap,,
2f811721-874c-48a4-8be9-95180e20aabc,herbbutter.trading,available,19.99,,80,1,11,name.com,,
2faa7461-4e37-42ca-a197-65176b86e02f,transmitted.trading,available,19.99,,64,1,11,name.com,,
2fac0aa3-d62f-4621-9d79-ed23059f1a9a,arriving.trading,available,19.99,,50,4,8,name.com,,
2fb3328e-088a-49c8-b8e6-81543fcef631,users.trading,available,19.99,,54,18,5,name.com,,
2fb6a899-027d-42ec-8e26-bb8b6f6e6c57,shouts.trading,available,19.99,,47,5,6,name.com,,
2fcdfdf0-759f-42f0-a192-419a5253d0c0,exercisebike.trading,available,19.99,,66,3,13,name.com,,
2fd00183-6f51-40b5-a2f7-967e972dc9d4,makeinto.trading,available,19.99,,76,1,9,name.com,,
2fe1a17c-5a0f-4cb6-8926-438f9b242263,filledin.trading,available,19.99,,52,2,9,name.com,,
3001837a-9dc0-4524-aede-a4269de17f53,makethenews.trading,available,19.99,,72,2,13,name.com,,
3006541e-82b7-47d9-a454-bd220c292096,cons.trading,available,19.99,,64,10,4,name.com,,
3011309a-0e83-4012-99ff-6792334f7acd,whereby.trading,available,19.99,,52,20,7,name.com,,
3035da08-c867-4f9c-8de6-98b500b052b3,coffeeroyal.trading,available,19.99,,80,1,12,name.com,,
303f44d2-7abf-4f91-b085-5a246664742c,shoppingcentre.trading,available,19.99,,66,3,15,name.com,,
304a3bcc-5f06-4605-addc-45697bc907c5,thirdclass.trading,available,19.99,,68,11,11,name.com,,
304a4cd8-6e5d-4656-be57-e667bf9c1e00,merchants.trading,available,19.99,,56,14,9,name.com,,
305bfc92-886e-40dd-b266-0144d3e3ff80,manyhappyreturns.trading,available,19.99,,46,2,18,name.com,,
307fd564-419d-4027-8707-42cd0eafa7ba,Westcott.trading,available,27.98,,58,10,8,namecheap,,
308d6467-51aa-498b-9b96-14318741b6bb,OKboomer.trading,available,27.98,,82,6,9,namecheap,,
30caba67-5fc2-43b1-a479-b2bf7fa7efb9,manyatimeandoft.trading,available,19.99,,54,1,19,name.com,,
30ce8149-b888-47ab-add8-14fbe211d925,families.trading,available,19.99,,58,17,8,name.com,,
30d34089-93d9-4d15-9e18-3f50920f941b,communityservice.trading,available,19.99,,72,5,17,name.com,,
30d3b267-8829-4bba-9302-8ca8a559c6ec,generalpurpose.trading,available,19.99,,58,5,15,name.com,,
30d4b347-d7a3-4a41-9772-e453fbf5997f,wonders.trading,available,19.99,,62,16,7,name.com,,
30db593b-0fe5-4573-876e-762377df7c22,beawake.trading,available,19.99,,84,3,8,name.com,,
30e3abee-139d-4bb1-bcd2-78937cca021b,thoughts.trading,available,19.99,,65,18,8,name.com,,
30f81dc7-cf04-45fa-b463-575960992cc9,facilities.trading,available,19.99,,77,10,10,name.com,,
30f998d6-db49-422b-a9e7-3bf351e9ad2b,assuch.trading,available,19.99,,66,1,7,name.com,,
310397fe-d3d5-4a51-af97-20df17410dc4,setgoing.trading,available,19.99,,56,2,9,name.com,,
3110766c-9d73-4484-91d1-5d1247b08bc1,shops.trading,available,19.99,,64,24,5,name.com,,
312a976d-77a2-43bf-98f5-adbb75396607,cheesepizza.trading,available,19.99,,78,3,12,name.com,,
312c9eab-636a-4362-b247-f6ece0dcb096,breads.trading,available,19.99,,58,5,6,name.com,,
312d8cdf-292e-4609-8d3d-0a28fe605823,lunchware.trading,available,19.99,,78,1,9,name.com,,
312e6f62-ecf5-483d-91b6-2f9b41d6ecea,ideclension.trading,available,19.99,,58,1,12,name.com,,
31332afb-d832-4f20-b9e7-bb338d87b3b9,gearup.trading,available,19.99,,80,16,7,name.com,,
3134cd1f-e805-429c-8b25-e64d834fbaf5,drivethru.trading,available,19.99,,76,11,10,name.com,,
31365904-d422-4892-8c87-430596069c31,mornings.trading,available,19.99,,64,6,8,name.com,,
316aad66-63ce-4814-bd6b-57335887ca93,getthemeaning.trading,available,19.99,,69,0,15,name.com,,
316ff6f1-54d5-4383-abe2-e798332a3324,fractions.trading,available,19.99,,52,7,9,name.com,,
318131f7-b257-44aa-8b57-6e1e5e4cfa5f,OrangeCounty.trading,available,27.98,,66,11,13,namecheap,,
31a05c98-f60b-4014-8f4c-e2f4eec72ff7,Ihaveatemperature.trading,available,27.98,,50,3,20,namecheap,,
31b88ba3-c928-4488-85af-4cb1f087b68f,intheory.trading,available,19.99,,52,5,9,name.com,,
31cd9fa8-b922-4b9e-ae01-efdd6117153b,lordoftherings.trading,available,19.99,,80,5,17,name.com,,
31eb3828-a841-4f1a-a5b0-f8fda10968a3,pinkelephant.trading,available,19.99,,60,7,13,name.com,,
31fa9f80-093b-40e5-b171-d7159907a507,getonwithit.trading,available,19.99,,51,4,14,name.com,,
3203d08c-e39b-46b0-8906-f02fa7de7035,YubaCity.trading,available,27.98,,69,4,9,namecheap,,
32085980-2811-4060-876f-d5be9a22a6c6,givenotice.trading,available,19.99,,72,12,11,name.com,,
320dc46f-8d12-4e9d-8c19-062d68bbb87c,footballmatch.trading,available,19.99,,80,12,14,name.com,,
321e19b1-c1bb-46ab-9b2a-3858ac46c1a2,asoflate.trading,available,19.99,,56,0,10,name.com,,
326d03f6-478f-41c9-80b1-36a07883a2f2,towels.trading,available,19.99,,68,9,6,name.com,,
3275a3ed-e031-4d5f-b795-9d17640138ac,highlighting.trading,available,19.99,,76,3,12,name.com,,
32812015-fc1e-42b4-a7f1-40afd74f165e,presssecretary.trading,available,19.99,,66,1,15,name.com,,
3292c1a8-ec44-4285-8cf1-c3fcf0faa0d6,oddfish.trading,available,19.99,,63,4,8,name.com,,
329b21a4-9e47-473d-b5c6-dbeae4857f28,fights.trading,available,19.99,,55,9,6,name.com,,
329f6107-46f7-4aa1-a89e-d0dfb79162aa,enterthepicture.trading,available,19.99,,62,7,17,name.com,,
32aae660-97ac-4852-92b9-173f3aa1d67c,midafternoon.trading,available,19.99,,80,1,12,name.com,,
32b9bc80-e838-4f79-85b7-bc8fdf60e710,generals.trading,available,19.99,,52,6,8,name.com,,
32bda184-723a-4b63-9a0f-4cc4c84a3c65,atthewheel.trading,available,19.99,,72,1,12,name.com,,
32c30f7a-305b-4771-86dd-6474ce2a0f10,insuranceagent.trading,available,19.99,,60,8,15,name.com,,
32cdc10b-8a13-498c-aff7-c905283f9cfb,WestCountry.trading,available,27.98,,62,9,12,namecheap,,
32d5dc15-bc9b-4de5-bfab-4b1e5d025da5,movies.trading,available,19.99,,80,28,6,name.com,,
32dbe4e4-4f49-4f49-ba08-7f23d9b4d53f,notsomuch.trading,available,19.99,,46,1,11,name.com,,
32ed4849-c833-4e1e-8e1b-1020f504d80d,makeover.trading,available,19.99,,76,12,9,name.com,,
32f47b18-4dc1-46ba-b521-a0222b1b5a5b,passcode.trading,available,19.99,,78,5,8,name.com,,
33088e5f-24a1-4597-b609-5c301664f6fc,comeunder.trading,available,19.99,,70,1,10,name.com,,
331639f2-3a7a-4fbd-b607-91120c17f7f6,amplifying.trading,available,19.99,,56,3,10,name.com,,
33416935-5a3f-45a6-8fa5-9056e56a48cd,bloodtyping.trading,available,19.99,,74,2,12,name.com,,
334a7eb1-2cf7-4cf3-a1ae-59a5e136bdbc,rules.trading,available,19.99,,66,21,5,name.com,,
335836fe-7590-46c7-9486-ee25a476efbd,justtheticket.trading,available,19.99,,66,4,15,name.com,,
3362ae9a-7d59-4158-8b13-50acc2394458,gowild.trading,available,19.99,,74,10,7,name.com,,
3377f3d5-643e-4c19-860e-558249cc0e6d,haveityourway.trading,available,19.99,,56,6,16,name.com,,
337b0b57-5d87-4bdf-8fa2-e3274fe4f189,hardcurrency.trading,available,19.99,,68,5,13,name.com,,
33934f98-74d6-40e2-b4c9-b15ad2242ff6,birches.trading,available,19.99,,57,4,7,name.com,,
33947997-5b77-4361-a4e8-4182993e5f75,myGod.trading,available,27.98,,74,9,6,namecheap,,
339e9bb2-730b-4829-8bba-a845aaceaa2e,SouthTyrol.trading,available,27.98,,66,6,11,namecheap,,
33a07ef9-fbce-4fe1-bdb4-f2321658fd6a,officestaff.trading,available,19.99,,57,2,12,name.com,,
33a94fb7-2eaa-4866-9c25-0726d47006f2,asofright.trading,available,19.99,,48,6,11,name.com,,
33bd1919-b1ed-4a6c-a71f-3499aa211e56,estatetrustee.trading,available,19.99,,42,2,14,name.com,,
33e07500-dfa3-4f5e-b00a-b25fd9edb6c9,cherryontop.trading,available,19.99,,78,18,13,name.com,,
33e297e5-0137-4f8e-a386-a7a5d6a6a425,comeintotheworld.trading,available,19.99,,68,0,19,name.com,,
33ed0da2-89f9-479f-a93b-e9975a2c3139,manycore.trading,available,19.99,,68,3,8,name.com,,
33fe4403-33b7-4ba4-9502-de42cc4164a1,skies.trading,available,19.99,,63,11,5,name.com,,
34023b40-c611-44f3-ae76-416768636327,fishes.trading,available,19.99,,66,6,6,name.com,,
3406e012-845e-4d0b-9f2d-89cbbb7a7004,lostandfound.trading,available,19.99,,64,19,14,name.com,,
341922c9-2aaf-47a1-921c-d52396506f4d,goodnews.trading,available,19.99,,80,25,9,name.com,,
341a3792-bfa4-4210-ac4f-089deb5d681c,oaks.trading,available,19.99,,53,16,4,name.com,,
3431a79f-d4d0-4837-85dc-f8da43c81192,photocopying.trading,available,19.99,,68,2,12,name.com,,
3442ad10-7c95-4a83-bf47-1484db5f3e39,aliens.trading,available,19.99,,56,35,6,name.com,,
3447f789-35db-4eee-b0c5-cf25ff6ec624,newest.trading,available,19.99,,64,12,6,name.com,,
34488433-b230-4ddc-9783-1344576a2872,Germanfries.trading,available,19.99,,82,1,12,name.com,,
344cc9a8-4d66-4b2e-97e8-c56e1a0a38cc,scallops.trading,available,19.99,,52,3,8,name.com,,
3452eab6-5e90-45e4-8fcf-8619c16df161,SpiritofGod.trading,available,27.98,,63,2,13,namecheap,,
34536904-9da2-4d4b-9b71-234c2fe91dbe,inshortorder.trading,available,19.99,,52,0,14,name.com,,
3472383d-a860-4c1f-8f50-229408074461,ourboy.trading,available,19.99,,58,9,7,name.com,,
347e5512-988e-4b9b-acf1-1465e1251162,PopeGregoryI.trading,available,27.98,,28,1,14,namecheap,,
3491ae0d-a810-49d5-8bbf-bca6275178aa,takeeffect.trading,available,19.99,,70,0,11,name.com,,
34979d8c-4dc8-4b8c-af97-d8a3099363ae,IsleofThanet.trading,available,27.98,,52,2,14,namecheap,,
34ade3bb-b931-4be0-bb79-631126004e5c,passengerseat.trading,available,19.99,,66,1,14,name.com,,
34b0a480-3290-43fc-81e8-9c24bf1a1a3f,asyouwish.trading,available,19.99,,80,7,11,name.com,,
34ba6572-3da8-49be-b91c-695b821edd15,returns.trading,available,19.99,,72,16,7,name.com,,
34c3c4f7-b6b1-46de-b70a-7c26dd9a9b5e,majorityproblem.trading,available,19.99,,50,0,16,name.com,,
34ce8e89-1149-44bd-ad32-e0f3972b49dc,dogsbodies.trading,available,19.99,,76,1,10,name.com,,
34da42c6-fa5e-4655-8ada-48c426e63c50,likemad.trading,available,19.99,,70,0,8,name.com,,
34dadb17-3eac-4be4-8f50-24aae47c4dad,makepeace.trading,available,19.99,,80,4,10,name.com,,
34f0c143-f4ca-427d-8e51-7be130db0219,reebok.trading,available,19.99,,89,10,6,name.com,,
34ffb78c-a7ec-4e24-baba-de770f9be5b1,hardatwork.trading,available,19.99,,78,1,12,name.com,,
35221e62-ec18-4ca8-b3a3-e7c4e9ce627b,flor.trading,available,19.99,,74,14,4,name.com,,
35434112-53bb-4273-b4e9-3edf29e8c5d2,counts.trading,available,19.99,,76,8,6,name.com,,
355a6f48-41cd-42b7-8381-6bbbdd4d6b13,coaches.trading,available,19.99,,56,15,7,name.com,,
3567486e-184e-43bd-90c7-986bd8f2682e,inkind.trading,available,19.99,,66,12,7,name.com,,
3568f117-d095-4db1-a630-2b1cc59059ca,Romanfoot.trading,available,27.98,,44,2,10,namecheap,,
357083f7-2b57-48f3-886a-90769b5550d8,standardizing.trading,available,19.99,,43,1,13,name.com,,
3582bd00-cccf-46a5-9285-f45915aba265,reflects.trading,available,19.99,,50,6,8,name.com,,
358471ec-1bab-43f8-aed8-0500f0c41fa6,alternatively.trading,available,19.99,,58,9,13,name.com,,